DELETE FROM `gameobject_template` WHERE `entry` IN (37118, 207208, 175080, 149045, 149046, 206111, 175369, 175370, 20808, 177047, 177048, 161536, 176495, 177049, 164871, 176231, 202831, 1731, 203397, 203398, 203399, 203400, 203401, 203402, 202578, 205077, 205079, 205080, 174626, 207869, 207870, 207871, 207872, 204828, 176577, 176578, 176579, 176580, 203731, 203732, 176310, 201517, 175761, 176594, 204848, 204850, 204851, 20649, 20650, 195437, 20651, 20652, 20653, 20654, 204582, 20655, 151953, 20656, 151954, 20657, 151955, 151956, 151957, 151958, 151959, 151960, 151961, 151962, 151963, 151964, 151965, 190192, 180497, 151966, 151967, 151968, 151969, 151970, 151971, 176901, 151972, 204883, 176633, 194916, 194917, 194918, 194919, 194920, 194921, 194922, 101850, 194923, 101851, 194924, 197141, 194925, 197142, 197143, 197144, 197145, 177203, 194934, 195491, 143979, 1617, 21007, 21008, 21009, 184164, 190536, 206328, 206329, 177245, 177246, 177247, 176694, 177248, 177249, 177250, 177251, 177252, 177253, 177254, 177255, 181688, 177256, 181689, 152614);
INSERT INTO `gameobject_template` (`entry`, `type`, `displayId`, `name`, `IconName`, `castBarCaption`, `unk1`, `data0`, `data1`, `data2`, `data3`, `data4`, `data5`, `data6`, `data7`, `data8`, `data9`, `data10`, `data11`, `data12`, `data13`, `data14`, `data15`, `data16`, `data17`, `data18`, `data19`, `data20`, `data21`, `data22`, `data23`, `data24`, `data25`, `data26`, `data27`, `data28`, `data29`, `data30`, `data31`, `size`, `questItem1`, `questItem2`, `questItem3`, `questItem4`, `questItem5`, `questItem6`, `Unknown`) VALUES
(37118, 0, 676, 'Galen''s Cage', '', '', '', 0, 0, 3000, 0, 0, 0, 0, 0, 0, 0, 0, 0, 0, 0, 0, 0, 0, 0, 0, 0, 0, 0, 0, 0, 0, 0, 0, 0, 0, 0, 0, 0, 1, 0, 0, 0, 0, 0, 0, 0), 
(207208, 0, 415, 'Door', '', '', '', 0, 0, 3000, 0, 0, 0, 0, 0, 0, 0, 0, 0, 0, 0, 0, 0, 0, 0, 0, 0, 0, 0, 0, 0, 0, 0, 0, 0, 0, 0, 0, 0, 0.75258, 0, 0, 0, 0, 0, 0, 0), 
(175080, 15, 3031, 'Zeppelin (The Iron Eagle)', '', '', '', 285, 30, 1, 0, 0, 0, 589, 0, 0, 0, 0, 0, 0, 0, 0, 0, 0, 0, 0, 0, 0, 0, 0, 0, 0, 0, 0, 0, 0, 0, 0, 0, 1, 0, 0, 0, 0, 0, 0, 0), 
(149045, 11, 2454, 'Scaffold Cars', '', '', '', 0, 0, 0, 0, 0, 0, 0, 0, 0, 0, 0, 0, 0, 0, 0, 0, 0, 0, 0, 0, 0, 0, 0, 0, 0, 0, 0, 0, 0, 0, 0, 0, 1, 0, 0, 0, 0, 0, 0, 0), 
(149046, 11, 2454, 'Scaffold Cars', '', '', '', 0, 0, 0, 0, 0, 0, 0, 0, 0, 0, 0, 0, 0, 0, 0, 0, 0, 0, 0, 0, 0, 0, 0, 0, 0, 0, 0, 0, 0, 0, 0, 0, 1, 0, 0, 0, 0, 0, 0, 0), 
(206111, 2, 10016, 'Hero''s Call Board', '', '', '', 0, 15807, 0, 12128, 0, 0, 0, 0, 1, 1, 0, 0, 0, 0, 0, 0, 0, 0, 0, 0, 0, 0, 0, 0, 0, 0, 0, 0, 0, 0, 0, 0, 1, 0, 0, 0, 0, 0, 0, 0), 
(175369, 0, 3614, 'Elders'' Square Service Entrance', '', '', '', 0, 1634, 3000, 0, 0, 0, 0, 0, 0, 0, 0, 0, 0, 0, 0, 0, 0, 0, 0, 0, 0, 0, 0, 0, 0, 0, 0, 0, 0, 0, 0, 0, 1, 0, 0, 0, 0, 0, 0, 0), 
(175370, 0, 3614, 'Doodad_SmallPortcullis05', '', '', '', 0, 0, 3000, 0, 0, 0, 0, 0, 0, 0, 0, 0, 0, 0, 0, 0, 0, 0, 0, 0, 0, 0, 0, 0, 0, 0, 0, 0, 0, 0, 0, 0, 1, 0, 0, 0, 0, 0, 0, 0), 
(20808, 15, 3015, 'Ship (The Maiden''s Fancy)', '', '', '', 241, 30, 1, 0, 0, 1, 593, 0, 0, 0, 0, 0, 0, 0, 0, 0, 0, 0, 0, 0, 0, 0, 0, 0, 0, 0, 0, 0, 0, 0, 0, 0, 1, 0, 0, 0, 0, 0, 0, 0), 
(177047, 0, 411, 'Doodad_PortcullisActive05', '', '', '', 0, 0, 3000, 0, 0, 0, 0, 0, 0, 0, 0, 0, 0, 0, 0, 0, 0, 0, 0, 0, 0, 0, 0, 0, 0, 0, 0, 0, 0, 0, 0, 0, 2.968762, 0, 0, 0, 0, 0, 0, 0), 
(177048, 0, 411, 'Doodad_PortcullisActive06', '', '', '', 0, 0, 3000, 0, 0, 0, 0, 0, 0, 0, 0, 0, 0, 0, 0, 0, 0, 0, 0, 0, 0, 0, 0, 0, 0, 0, 0, 0, 0, 0, 0, 0, 2.968762, 0, 0, 0, 0, 0, 0, 0), 
(161536, 0, 2753, 'Quarry Gate', '', '', '', 0, 0, 3000, 0, 0, 0, 0, 0, 0, 0, 0, 0, 0, 0, 0, 0, 0, 0, 0, 0, 0, 0, 0, 0, 0, 0, 0, 0, 0, 0, 0, 0, 1.3464, 0, 0, 0, 0, 0, 0, 0), 
(176495, 15, 3031, 'Zeppelin (The Purple Princess)', '', '', '', 301, 30, 1, 0, 0, 0, 590, 0, 0, 0, 0, 0, 0, 0, 0, 0, 0, 0, 0, 0, 0, 0, 0, 0, 0, 0, 0, 0, 0, 0, 0, 0, 1, 0, 0, 0, 0, 0, 0, 0), 
(177049, 0, 411, 'Doodad_PortcullisActive07', '', '', '', 0, 0, 3000, 0, 0, 0, 0, 0, 0, 0, 0, 0, 0, 0, 0, 0, 0, 0, 0, 0, 0, 0, 0, 0, 0, 0, 0, 0, 0, 0, 0, 0, 2.968762, 0, 0, 0, 0, 0, 0, 0), 
(164871, 15, 3031, 'Zeppelin (The Thundercaller)', '', '', '', 302, 30, 1, 0, 0, 0, 591, 0, 0, 0, 0, 0, 0, 0, 0, 0, 0, 0, 0, 0, 0, 0, 0, 0, 0, 0, 0, 0, 0, 0, 0, 0, 1, 0, 0, 0, 0, 0, 0, 0), 
(176231, 15, 3015, 'Ship (The Lady Mehley)', '', '', '', 292, 30, 1, 0, 0, 1, 584, 0, 0, 0, 0, 0, 0, 0, 0, 0, 0, 0, 0, 0, 0, 0, 0, 0, 0, 0, 0, 0, 0, 0, 0, 0, 1, 0, 0, 0, 0, 0, 0, 0), 
(202831, 0, 411, 'Portcullis', '', '', '', 0, 0, 3000, 0, 0, 0, 0, 0, 0, 0, 0, 0, 0, 0, 0, 0, 0, 0, 0, 0, 0, 0, 0, 0, 0, 0, 0, 0, 0, 0, 0, 0, 3.871498, 0, 0, 0, 0, 0, 0, 0), 
(1731, 3, 310, 'Copper Vein', '', '', '', 38, 1502, 0, 1, 1, 1, 0, 0, 0, 0, 0, 0, 0, 0, 0, 0, 0, 0, 15, 1, 0, 0, 0, 50, 100, 0, 0, 0, 0, 0, 0, 0, 0.5, 0, 0, 0, 0, 0, 0, 0), 
(203397, 33, 9563, 'Horde Ship 000', '', '', '', 0, 0, 1, 0, 0, 0, 0, 0, 0, 0, 0, 0, 0, 0, 0, 0, 0, 0, 72, 0, 0, 0, 0, 0, 0, 0, 0, 0, 0, 0, 0, 0, 1, 0, 0, 0, 0, 0, 0, 0), 
(203398, 33, 9563, 'Horde Ship 001', '', '', '', 0, 0, 1, 0, 0, 0, 0, 0, 0, 0, 0, 0, 0, 0, 0, 0, 0, 0, 86, 0, 0, 0, 0, 0, 0, 0, 0, 0, 0, 0, 0, 0, 1, 0, 0, 0, 0, 0, 0, 0), 
(203399, 33, 9563, 'Horde Ship 002', '', '', '', 0, 0, 1, 0, 0, 0, 0, 0, 0, 0, 0, 0, 0, 0, 0, 0, 0, 0, 87, 0, 0, 0, 0, 0, 0, 0, 0, 0, 0, 0, 0, 0, 1, 0, 0, 0, 0, 0, 0, 0), 
(203400, 33, 3015, 'Alliance Ship 000', '', '', '', 0, 0, 1, 0, 0, 0, 0, 0, 0, 0, 0, 0, 0, 0, 0, 0, 0, 0, 88, 0, 0, 0, 0, 0, 0, 0, 0, 0, 0, 0, 0, 0, 1, 0, 0, 0, 0, 0, 0, 0), 
(203401, 33, 3015, 'Alliance Ship 001', '', '', '', 0, 0, 1, 0, 0, 0, 0, 0, 0, 0, 0, 0, 0, 0, 0, 0, 0, 0, 89, 0, 0, 0, 0, 0, 0, 0, 0, 0, 0, 0, 0, 0, 1, 0, 0, 0, 0, 0, 0, 0), 
(203402, 33, 3015, 'Alliance Ship 002', '', '', '', 0, 0, 1, 0, 0, 0, 0, 0, 0, 0, 0, 0, 0, 0, 0, 0, 0, 0, 90, 0, 0, 0, 0, 0, 0, 0, 0, 0, 0, 0, 0, 0, 1, 0, 0, 0, 0, 0, 0, 0), 
(202578, 19, 1907, 'Mailbox', '', '', '', 0, 0, 0, 0, 0, 0, 0, 0, 0, 0, 0, 0, 0, 0, 0, 0, 0, 0, 0, 0, 0, 0, 0, 0, 0, 0, 0, 0, 0, 0, 0, 0, 1, 0, 0, 0, 0, 0, 0, 0), 
(205077, 0, 907, 'Workshop Door', '', '', '', 0, 1634, 5000, 0, 0, 0, 0, 0, 0, 0, 0, 0, 0, 0, 0, 0, 0, 0, 0, 0, 0, 0, 0, 0, 0, 0, 0, 0, 0, 0, 0, 0, 1, 0, 0, 0, 0, 0, 0, 0), 
(205079, 11, 807, 'Doodad_GnomeElevatorCar04', '', '', '', 0, 0, 0, 0, 0, 0, 0, 0, 0, 0, 0, 0, 0, 0, 0, 0, 0, 0, 0, 0, 0, 0, 0, 0, 0, 0, 0, 0, 0, 0, 0, 0, 1, 0, 0, 0, 0, 0, 0, 0), 
(205080, 11, 808, 'Doodad_GnomeElevatorCar02', '', '', '', 0, 0, 0, 0, 0, 0, 0, 0, 0, 0, 0, 0, 0, 0, 0, 0, 0, 0, 0, 0, 0, 0, 0, 0, 0, 0, 0, 0, 0, 0, 0, 0, 1, 0, 0, 0, 0, 0, 0, 0), 
(174626, 0, 413, 'Scholomance Door', '', '', '', 0, 1634, 3000, 0, 0, 0, 0, 0, 0, 0, 0, 0, 0, 0, 0, 0, 0, 0, 0, 0, 0, 0, 0, 0, 0, 0, 0, 0, 0, 0, 0, 0, 1.15, 0, 0, 0, 0, 0, 0, 0), 
(207869, 0, 9798, 'Doodad_VJ_Demigod_Door01', '', '', '', 1, 0, 0, 0, 0, 0, 0, 0, 0, 0, 0, 0, 0, 0, 0, 0, 0, 0, 0, 0, 0, 0, 0, 0, 0, 0, 0, 0, 0, 0, 0, 0, 1, 0, 0, 0, 0, 0, 0, 0), 
(207870, 0, 9798, 'Doodad_VJ_Demigod_Door04', '', '', '', 1, 0, 0, 0, 0, 0, 0, 0, 0, 0, 0, 0, 0, 0, 0, 0, 0, 0, 0, 0, 0, 0, 0, 0, 0, 0, 0, 0, 0, 0, 0, 0, 1, 0, 0, 0, 0, 0, 0, 0), 
(207871, 0, 9798, 'Doodad_VJ_Demigod_Door03', '', '', '', 1, 0, 0, 0, 0, 0, 0, 0, 0, 0, 0, 0, 0, 0, 0, 0, 0, 0, 0, 0, 0, 0, 0, 0, 0, 0, 0, 0, 0, 0, 0, 0, 1, 0, 0, 0, 0, 0, 0, 0), 
(207872, 0, 9798, 'Doodad_VJ_Demigod_Door05', '', '', '', 1, 0, 0, 0, 0, 0, 0, 0, 0, 0, 0, 0, 0, 0, 0, 0, 0, 0, 0, 0, 0, 0, 0, 0, 0, 0, 0, 0, 0, 0, 0, 0, 1, 0, 0, 0, 0, 0, 0, 0), 
(204828, 0, 4154, 'Kurzen Cage', '', 'Opening', '', 0, 99, 3000, 0, 21400, 0, 0, 10213, 0, 0, 1, 0, 0, 0, 0, 0, 0, 0, 0, 0, 0, 0, 0, 0, 0, 0, 0, 0, 0, 0, 0, 0, 1.4, 0, 0, 0, 0, 0, 0, 0), 
(176577, 0, 3811, 'Gate', '', '', '', 0, 0, 3000, 0, 0, 0, 0, 0, 0, 0, 0, 0, 0, 0, 0, 0, 0, 0, 0, 0, 0, 0, 0, 0, 0, 0, 0, 0, 0, 0, 0, 0, 0.459091, 0, 0, 0, 0, 0, 0, 0), 
(176578, 0, 413, 'Door', '', '', '', 0, 0, 3000, 0, 0, 0, 0, 0, 0, 0, 0, 0, 0, 0, 0, 0, 0, 0, 0, 0, 0, 0, 0, 0, 0, 0, 0, 0, 0, 0, 0, 0, 1.952174, 0, 0, 0, 0, 0, 0, 0), 
(176579, 0, 413, 'Door', '', '', '', 0, 0, 3000, 0, 0, 0, 0, 0, 0, 0, 0, 0, 0, 0, 0, 0, 0, 0, 0, 0, 0, 0, 0, 0, 0, 0, 0, 0, 0, 0, 0, 0, 1.034989, 0, 0, 0, 0, 0, 0, 0), 
(176580, 0, 413, 'Door', '', '', '', 0, 0, 3000, 0, 0, 0, 0, 0, 0, 0, 0, 0, 0, 0, 0, 0, 0, 0, 0, 0, 0, 0, 0, 0, 0, 0, 0, 0, 0, 0, 0, 0, 1.034989, 0, 0, 0, 0, 0, 0, 0), 
(203731, 7, 92, 'Chair', '', '', '', 1, 1, 0, 0, 0, 0, 0, 0, 0, 0, 0, 0, 0, 0, 0, 0, 0, 0, 0, 0, 0, 0, 0, 0, 0, 0, 0, 0, 0, 0, 0, 0, 1, 0, 0, 0, 0, 0, 0, 0), 
(203732, 7, 92, 'Chair', '', '', '', 1, 1, 0, 0, 0, 0, 0, 0, 0, 0, 0, 0, 0, 0, 0, 0, 0, 0, 0, 0, 0, 0, 0, 0, 0, 0, 0, 0, 0, 0, 0, 0, 1, 0, 0, 0, 0, 0, 0, 0), 
(176310, 15, 3015, 'Ship (The Bravery)', '', '', '', 967, 30, 1, 0, 0, 1, 588, 0, 0, 0, 0, 0, 0, 0, 0, 0, 0, 0, 0, 0, 0, 0, 0, 0, 0, 0, 0, 0, 0, 0, 0, 0, 1, 0, 0, 0, 0, 0, 0, 0), 
(201517, 0, 4413, 'Champions'' Hall', '', '', '', 1, 0, 0, 0, 0, 0, 0, 0, 0, 0, 0, 0, 0, 0, 0, 0, 0, 0, 0, 0, 0, 0, 0, 0, 0, 0, 0, 0, 0, 0, 0, 0, 1, 0, 0, 0, 0, 0, 0, 0), 
(175761, 9, 559, 'Civil War in the Plaguelands', '', '', '', 2097, 0, 0, 0, 0, 0, 0, 0, 0, 0, 0, 0, 0, 0, 0, 0, 0, 0, 0, 0, 0, 0, 0, 0, 0, 0, 0, 0, 0, 0, 0, 0, 1, 0, 0, 0, 0, 0, 0, 0), 
(176594, 0, 1189, 'Doors', '', '', '', 0, 0, 3000, 0, 0, 0, 0, 0, 0, 0, 0, 0, 0, 0, 0, 0, 0, 0, 0, 0, 0, 0, 0, 0, 0, 0, 0, 0, 0, 0, 0, 0, 1, 0, 0, 0, 0, 0, 0, 0), 
(204848, 0, 9798, 'Nespirah Membrane', 'Point', '', '', 1, 0, 0, 0, 0, 0, 0, 10229, 0, 0, 0, 0, 0, 0, 0, 0, 0, 0, 0, 0, 0, 0, 0, 0, 0, 0, 0, 0, 0, 0, 0, 0, 1.145125, 0, 0, 0, 0, 0, 0, 0), 
(204850, 0, 9798, 'Nespirah Membrane', 'Point', '', '', 0, 0, 7000, 0, 0, 0, 0, 10230, 0, 0, 0, 0, 0, 0, 0, 0, 0, 0, 0, 0, 0, 0, 0, 0, 0, 0, 0, 0, 0, 0, 0, 0, 1.145125, 0, 0, 0, 0, 0, 0, 0), 
(204851, 0, 9798, 'Nespirah Membrane', 'Point', '', '', 0, 0, 7000, 0, 0, 0, 0, 10230, 0, 0, 0, 0, 0, 0, 0, 0, 0, 0, 0, 0, 0, 0, 0, 0, 0, 0, 0, 0, 0, 0, 0, 0, 1.145125, 0, 0, 0, 0, 0, 0, 0), 
(20649, 11, 455, 'Undervator', '', '', '', 0, 0, 0, 0, 0, 0, 0, 0, 0, 0, 0, 0, 0, 0, 0, 0, 0, 0, 0, 0, 0, 0, 0, 0, 0, 0, 0, 0, 0, 0, 0, 0, 1, 0, 0, 0, 0, 0, 0, 0), 
(20650, 11, 462, 'upperLdoor', '', '', '', 0, 0, 0, 0, 0, 0, 0, 0, 0, 0, 0, 0, 0, 0, 0, 0, 0, 0, 0, 0, 0, 0, 0, 0, 0, 0, 0, 0, 0, 0, 0, 0, 1, 0, 0, 0, 0, 0, 0, 0), 
(195437, 0, 7482, 'Doodad_VR_Portcullis01', '', '', '', 0, 0, 0, 0, 0, 0, 0, 0, 0, 0, 0, 0, 0, 0, 0, 0, 0, 0, 0, 0, 0, 0, 0, 0, 0, 0, 0, 0, 0, 0, 0, 0, 0.26683, 0, 0, 0, 0, 0, 0, 0), 
(20651, 11, 462, 'lowerLdoor', '', '', '', 0, 0, 0, 0, 0, 0, 0, 0, 0, 0, 0, 0, 0, 0, 0, 0, 0, 0, 0, 0, 0, 0, 0, 0, 0, 0, 0, 0, 0, 0, 0, 0, 1, 0, 0, 0, 0, 0, 0, 0), 
(20652, 11, 455, 'Undervator', '', '', '', 0, 0, 0, 0, 0, 0, 0, 0, 0, 0, 0, 0, 0, 0, 0, 0, 0, 0, 0, 0, 0, 0, 0, 0, 0, 0, 0, 0, 0, 0, 0, 0, 1, 0, 0, 0, 0, 0, 0, 0), 
(20653, 11, 462, 'upperLdoor', '', '', '', 0, 0, 0, 0, 0, 0, 0, 0, 0, 0, 0, 0, 0, 0, 0, 0, 0, 0, 0, 0, 0, 0, 0, 0, 0, 0, 0, 0, 0, 0, 0, 0, 1, 0, 0, 0, 0, 0, 0, 0), 
(20654, 11, 462, 'lowerLdoor', '', '', '', 0, 0, 0, 0, 0, 0, 0, 0, 0, 0, 0, 0, 0, 0, 0, 0, 0, 0, 0, 0, 0, 0, 0, 0, 0, 0, 0, 0, 0, 0, 0, 0, 1, 0, 0, 0, 0, 0, 0, 0), 
(204582, 0, 8121, 'Ward of Ilgalar', '', '', '', 0, 1931, 15000, 0, 0, 0, 0, 0, 0, 0, 1, 0, 0, 0, 0, 0, 0, 0, 0, 0, 0, 0, 0, 0, 0, 0, 0, 0, 0, 0, 0, 0, 0.25, 0, 0, 0, 0, 0, 0, 0), 
(20655, 11, 455, 'Undervator', '', '', '', 0, 0, 0, 0, 0, 0, 0, 0, 0, 0, 0, 0, 0, 0, 0, 0, 0, 0, 0, 0, 0, 0, 0, 0, 0, 0, 0, 0, 0, 0, 0, 0, 1, 0, 0, 0, 0, 0, 0, 0), 
(151953, 7, 603, 'Wooden Bench', '', '', '', 4, 2, 0, 0, 0, 0, 0, 0, 0, 0, 0, 0, 0, 0, 0, 0, 0, 0, 0, 0, 0, 0, 0, 0, 0, 0, 0, 0, 0, 0, 0, 0, 1, 0, 0, 0, 0, 0, 0, 0), 
(20656, 11, 462, 'upperLdoor', '', '', '', 0, 0, 0, 0, 0, 0, 0, 0, 0, 0, 0, 0, 0, 0, 0, 0, 0, 0, 0, 0, 0, 0, 0, 0, 0, 0, 0, 0, 0, 0, 0, 0, 1, 0, 0, 0, 0, 0, 0, 0), 
(151954, 7, 603, 'Wooden Bench', '', '', '', 4, 2, 0, 0, 0, 0, 0, 0, 0, 0, 0, 0, 0, 0, 0, 0, 0, 0, 0, 0, 0, 0, 0, 0, 0, 0, 0, 0, 0, 0, 0, 0, 1, 0, 0, 0, 0, 0, 0, 0), 
(20657, 11, 462, 'lowerLdoor', '', '', '', 0, 0, 0, 0, 0, 0, 0, 0, 0, 0, 0, 0, 0, 0, 0, 0, 0, 0, 0, 0, 0, 0, 0, 0, 0, 0, 0, 0, 0, 0, 0, 0, 1, 0, 0, 0, 0, 0, 0, 0), 
(151955, 7, 603, 'Wooden Bench', '', '', '', 4, 2, 0, 0, 0, 0, 0, 0, 0, 0, 0, 0, 0, 0, 0, 0, 0, 0, 0, 0, 0, 0, 0, 0, 0, 0, 0, 0, 0, 0, 0, 0, 1, 0, 0, 0, 0, 0, 0, 0), 
(151956, 7, 603, 'Wooden Bench', '', '', '', 4, 2, 0, 0, 0, 0, 0, 0, 0, 0, 0, 0, 0, 0, 0, 0, 0, 0, 0, 0, 0, 0, 0, 0, 0, 0, 0, 0, 0, 0, 0, 0, 1, 0, 0, 0, 0, 0, 0, 0), 
(151957, 7, 603, 'Wooden Bench', '', '', '', 4, 2, 0, 0, 0, 0, 0, 0, 0, 0, 0, 0, 0, 0, 0, 0, 0, 0, 0, 0, 0, 0, 0, 0, 0, 0, 0, 0, 0, 0, 0, 0, 1, 0, 0, 0, 0, 0, 0, 0), 
(151958, 7, 603, 'Wooden Bench', '', '', '', 4, 2, 0, 0, 0, 0, 0, 0, 0, 0, 0, 0, 0, 0, 0, 0, 0, 0, 0, 0, 0, 0, 0, 0, 0, 0, 0, 0, 0, 0, 0, 0, 1, 0, 0, 0, 0, 0, 0, 0), 
(151959, 7, 603, 'Wooden Bench', '', '', '', 4, 2, 0, 0, 0, 0, 0, 0, 0, 0, 0, 0, 0, 0, 0, 0, 0, 0, 0, 0, 0, 0, 0, 0, 0, 0, 0, 0, 0, 0, 0, 0, 1, 0, 0, 0, 0, 0, 0, 0), 
(151960, 7, 603, 'Wooden Bench', '', '', '', 4, 2, 0, 0, 0, 0, 0, 0, 0, 0, 0, 0, 0, 0, 0, 0, 0, 0, 0, 0, 0, 0, 0, 0, 0, 0, 0, 0, 0, 0, 0, 0, 1, 0, 0, 0, 0, 0, 0, 0), 
(151961, 7, 603, 'Wooden Bench', '', '', '', 4, 2, 0, 0, 0, 0, 0, 0, 0, 0, 0, 0, 0, 0, 0, 0, 0, 0, 0, 0, 0, 0, 0, 0, 0, 0, 0, 0, 0, 0, 0, 0, 1, 0, 0, 0, 0, 0, 0, 0), 
(151962, 7, 603, 'Wooden Bench', '', '', '', 4, 2, 0, 0, 0, 0, 0, 0, 0, 0, 0, 0, 0, 0, 0, 0, 0, 0, 0, 0, 0, 0, 0, 0, 0, 0, 0, 0, 0, 0, 0, 0, 1, 0, 0, 0, 0, 0, 0, 0), 
(151963, 7, 603, 'Wooden Bench', '', '', '', 4, 2, 0, 0, 0, 0, 0, 0, 0, 0, 0, 0, 0, 0, 0, 0, 0, 0, 0, 0, 0, 0, 0, 0, 0, 0, 0, 0, 0, 0, 0, 0, 1, 0, 0, 0, 0, 0, 0, 0), 
(151964, 7, 603, 'Wooden Bench', '', '', '', 4, 2, 0, 0, 0, 0, 0, 0, 0, 0, 0, 0, 0, 0, 0, 0, 0, 0, 0, 0, 0, 0, 0, 0, 0, 0, 0, 0, 0, 0, 0, 0, 1, 0, 0, 0, 0, 0, 0, 0), 
(151965, 7, 603, 'Wooden Bench', '', '', '', 4, 2, 0, 0, 0, 0, 0, 0, 0, 0, 0, 0, 0, 0, 0, 0, 0, 0, 0, 0, 0, 0, 0, 0, 0, 0, 0, 0, 0, 0, 0, 0, 1, 0, 0, 0, 0, 0, 0, 0), 
(190192, 0, 7869, 'Gate', '', '', '', 1, 0, 3000, 0, 0, 0, 0, 0, 0, 0, 0, 0, 0, 0, 0, 0, 0, 0, 0, 0, 0, 0, 0, 0, 0, 0, 0, 0, 0, 0, 0, 0, 1, 0, 0, 0, 0, 0, 0, 0), 
(180497, 0, 6385, 'Forcefield', '', '', '', 1, 0, 0, 0, 0, 0, 0, 0, 0, 0, 0, 0, 0, 0, 0, 0, 0, 0, 0, 0, 0, 0, 0, 0, 0, 0, 0, 0, 0, 0, 0, 0, 1, 0, 0, 0, 0, 0, 0, 0), 
(151966, 7, 603, 'Wooden Bench', '', '', '', 4, 2, 0, 0, 0, 0, 0, 0, 0, 0, 0, 0, 0, 0, 0, 0, 0, 0, 0, 0, 0, 0, 0, 0, 0, 0, 0, 0, 0, 0, 0, 0, 1, 0, 0, 0, 0, 0, 0, 0), 
(151967, 7, 603, 'Wooden Bench', '', '', '', 4, 2, 0, 0, 0, 0, 0, 0, 0, 0, 0, 0, 0, 0, 0, 0, 0, 0, 0, 0, 0, 0, 0, 0, 0, 0, 0, 0, 0, 0, 0, 0, 1, 0, 0, 0, 0, 0, 0, 0), 
(151968, 7, 603, 'Wooden Bench', '', '', '', 4, 2, 0, 0, 0, 0, 0, 0, 0, 0, 0, 0, 0, 0, 0, 0, 0, 0, 0, 0, 0, 0, 0, 0, 0, 0, 0, 0, 0, 0, 0, 0, 1, 0, 0, 0, 0, 0, 0, 0), 
(151969, 7, 603, 'Wooden Bench', '', '', '', 4, 2, 0, 0, 0, 0, 0, 0, 0, 0, 0, 0, 0, 0, 0, 0, 0, 0, 0, 0, 0, 0, 0, 0, 0, 0, 0, 0, 0, 0, 0, 0, 1, 0, 0, 0, 0, 0, 0, 0), 
(151970, 7, 603, 'Wooden Bench', '', '', '', 4, 2, 0, 0, 0, 0, 0, 0, 0, 0, 0, 0, 0, 0, 0, 0, 0, 0, 0, 0, 0, 0, 0, 0, 0, 0, 0, 0, 0, 0, 0, 0, 1, 0, 0, 0, 0, 0, 0, 0), 
(151971, 7, 603, 'Wooden Bench', '', '', '', 4, 2, 0, 0, 0, 0, 0, 0, 0, 0, 0, 0, 0, 0, 0, 0, 0, 0, 0, 0, 0, 0, 0, 0, 0, 0, 0, 0, 0, 0, 0, 0, 1, 0, 0, 0, 0, 0, 0, 0), 
(176901, 0, 411, 'Doodad_PortcullisActive02', '', '', '', 0, 0, 3000, 0, 0, 0, 0, 0, 0, 0, 0, 0, 0, 0, 0, 0, 0, 0, 0, 0, 0, 0, 0, 0, 0, 0, 0, 0, 0, 0, 0, 0, 2.968762, 0, 0, 0, 0, 0, 0, 0), 
(151972, 7, 603, 'Wooden Bench', '', '', '', 4, 2, 0, 0, 0, 0, 0, 0, 0, 0, 0, 0, 0, 0, 0, 0, 0, 0, 0, 0, 0, 0, 0, 0, 0, 0, 0, 0, 0, 0, 0, 0, 1, 0, 0, 0, 0, 0, 0, 0), 
(204883, 5, 2452, 'Lord Underfoot', '', '', '', 1, 1, 0, 1, 0, 0, 0, 0, 0, 0, 0, 0, 0, 0, 0, 0, 0, 0, 0, 0, 0, 0, 0, 0, 0, 0, 0, 0, 0, 0, 0, 0, 0.72934, 0, 0, 0, 0, 0, 0, 0), 
(176633, 0, 415, 'Door', '', '', '', 0, 0, 3000, 0, 0, 0, 0, 0, 0, 0, 0, 0, 0, 0, 0, 0, 0, 0, 0, 0, 0, 0, 0, 0, 0, 0, 0, 0, 0, 0, 0, 0, 0.75258, 0, 0, 0, 0, 0, 0, 0), 
(194916, 0, 3614, 'Portcullis', '', '', '', 0, 0, 196608, 0, 0, 0, 0, 0, 0, 0, 0, 0, 0, 0, 0, 0, 0, 0, 0, 0, 0, 0, 0, 0, 0, 0, 0, 0, 0, 0, 0, 0, 1, 0, 0, 0, 0, 0, 0, 0), 
(194917, 0, 3614, 'Portcullis', '', '', '', 0, 0, 196608, 0, 0, 0, 0, 0, 0, 0, 0, 0, 0, 0, 0, 0, 0, 0, 0, 0, 0, 0, 0, 0, 0, 0, 0, 0, 0, 0, 0, 0, 1, 0, 0, 0, 0, 0, 0, 0), 
(194918, 0, 3614, 'Portcullis', '', '', '', 0, 0, 196608, 0, 0, 0, 0, 0, 0, 0, 0, 0, 0, 0, 0, 0, 0, 0, 0, 0, 0, 0, 0, 0, 0, 0, 0, 0, 0, 0, 0, 0, 1, 0, 0, 0, 0, 0, 0, 0), 
(194919, 0, 3614, 'Portcullis', '', '', '', 0, 0, 196608, 0, 0, 0, 0, 0, 0, 0, 0, 0, 0, 0, 0, 0, 0, 0, 0, 0, 0, 0, 0, 0, 0, 0, 0, 0, 0, 0, 0, 0, 1, 0, 0, 0, 0, 0, 0, 0), 
(194920, 0, 3614, 'Portcullis', '', '', '', 0, 0, 196608, 0, 0, 0, 0, 0, 0, 0, 0, 0, 0, 0, 0, 0, 0, 0, 0, 0, 0, 0, 0, 0, 0, 0, 0, 0, 0, 0, 0, 0, 1, 0, 0, 0, 0, 0, 0, 0), 
(194921, 0, 3614, 'Portcullis', '', '', '', 0, 0, 196608, 0, 0, 0, 0, 0, 0, 0, 0, 0, 0, 0, 0, 0, 0, 0, 0, 0, 0, 0, 0, 0, 0, 0, 0, 0, 0, 0, 0, 0, 1, 0, 0, 0, 0, 0, 0, 0), 
(194922, 0, 3614, 'Portcullis', '', '', '', 0, 0, 196608, 0, 0, 0, 0, 0, 0, 0, 0, 0, 0, 0, 0, 0, 0, 0, 0, 0, 0, 0, 0, 0, 0, 0, 0, 0, 0, 0, 0, 0, 1, 0, 0, 0, 0, 0, 0, 0), 
(101850, 0, 444, 'Cathedral Door', '', '', '', 0, 1634, 3000, 0, 0, 0, 0, 0, 0, 0, 0, 0, 0, 0, 0, 0, 0, 0, 0, 0, 0, 0, 0, 0, 0, 0, 0, 0, 0, 0, 0, 0, 1, 0, 0, 0, 0, 0, 0, 0), 
(194923, 0, 3614, 'Portcullis', '', '', '', 0, 0, 196608, 0, 0, 0, 0, 0, 0, 0, 0, 0, 0, 0, 0, 0, 0, 0, 0, 0, 0, 0, 0, 0, 0, 0, 0, 0, 0, 0, 0, 0, 1, 0, 0, 0, 0, 0, 0, 0), 
(101851, 0, 444, 'Armory Door', '', '', '', 0, 1634, 3000, 0, 0, 0, 0, 0, 0, 0, 0, 0, 0, 0, 0, 0, 0, 0, 0, 0, 0, 0, 0, 0, 0, 0, 0, 0, 0, 0, 0, 0, 1, 0, 0, 0, 0, 0, 0, 0), 
(194924, 0, 3614, 'Portcullis', '', '', '', 0, 0, 196608, 0, 0, 0, 0, 0, 0, 0, 0, 0, 0, 0, 0, 0, 0, 0, 0, 0, 0, 0, 0, 0, 0, 0, 0, 0, 0, 0, 0, 0, 1, 0, 0, 0, 0, 0, 0, 0), 
(197141, 9, 214, 'Kurdran Wildhammer', '', '', '', 287, 7, 5, 0, 0, 0, 0, 0, 0, 0, 0, 0, 0, 0, 0, 0, 0, 0, 0, 0, 0, 0, 0, 0, 0, 0, 0, 0, 0, 0, 0, 0, 1.7, 0, 0, 0, 0, 0, 0, 0), 
(194925, 0, 3614, 'Portcullis', '', '', '', 0, 0, 196608, 0, 0, 0, 0, 0, 0, 0, 0, 0, 0, 0, 0, 0, 0, 0, 0, 0, 0, 0, 0, 0, 0, 0, 0, 0, 0, 0, 0, 0, 1, 0, 0, 0, 0, 0, 0, 0), 
(197142, 9, 214, 'General Turalyon', '', '', '', 290, 7, 5, 0, 0, 0, 0, 0, 0, 0, 0, 0, 0, 0, 0, 0, 0, 0, 0, 0, 0, 0, 0, 0, 0, 0, 0, 0, 0, 0, 0, 0, 1.7, 0, 0, 0, 0, 0, 0, 0), 
(197143, 9, 214, 'Ranger Captain Alleria Windrunner', '', '', '', 288, 7, 5, 0, 0, 0, 0, 0, 0, 0, 0, 0, 0, 0, 0, 0, 0, 0, 0, 0, 0, 0, 0, 0, 0, 0, 0, 0, 0, 0, 0, 0, 1.7, 0, 0, 0, 0, 0, 0, 0), 
(197144, 9, 214, 'Danath Trollbane', '', '', '', 291, 7, 5, 0, 0, 0, 0, 0, 0, 0, 0, 0, 0, 0, 0, 0, 0, 0, 0, 0, 0, 0, 0, 0, 0, 0, 0, 0, 0, 0, 0, 0, 1.7, 0, 0, 0, 0, 0, 0, 0), 
(197145, 9, 214, 'Archmage Khadgar of the Kirin Tor', '', '', '', 289, 7, 5, 0, 0, 0, 0, 0, 0, 0, 0, 0, 0, 0, 0, 0, 0, 0, 0, 0, 0, 0, 0, 0, 0, 0, 0, 0, 0, 0, 0, 0, 1.7, 0, 0, 0, 0, 0, 0, 0), 
(177203, 0, 411, 'Gate', '', '', '', 0, 0, 3000, 0, 0, 0, 0, 0, 0, 0, 0, 0, 0, 0, 0, 0, 0, 0, 0, 0, 0, 0, 0, 0, 0, 0, 0, 0, 0, 0, 0, 0, 2.459831, 0, 0, 0, 0, 0, 0, 0), 
(194934, 0, 3614, 'Doodad_SmallPortcullis05', '', '', '', 0, 0, 196608, 0, 0, 0, 0, 0, 0, 0, 0, 0, 0, 0, 0, 0, 0, 0, 0, 0, 0, 0, 0, 0, 0, 0, 0, 0, 0, 0, 0, 0, 1, 0, 0, 0, 0, 0, 0, 0), 
(195491, 0, 9035, 'Doodad_ND_WinterOrc_Wall_GateFX_Door01', '', '', '', 0, 0, 0, 0, 0, 0, 0, 0, 0, 0, 0, 0, 0, 0, 0, 0, 0, 0, 0, 0, 0, 0, 0, 0, 0, 0, 0, 0, 0, 0, 0, 0, 1, 0, 0, 0, 0, 0, 0, 0), 
(143979, 0, 2127, 'Cage Door', '', '', '', 0, 859, 60000, 0, 0, 0, 0, 0, 0, 0, 0, 0, 0, 0, 0, 0, 0, 0, 0, 0, 0, 0, 0, 0, 0, 0, 0, 0, 0, 0, 0, 0, 1, 0, 0, 0, 0, 0, 0, 0), 
(1617, 3, 270, 'Silverleaf', '', '', '', 29, 1414, 0, 1, 1, 1, 0, 0, 0, 0, 0, 0, 0, 0, 0, 0, 0, 0, 15, 1, 0, 0, 0, 0, 0, 0, 0, 0, 0, 0, 0, 0, 0.6, 0, 0, 0, 0, 0, 0, 0), 
(21007, 8, 192, 'Campfire', '', '', '', 4, 10, 2061, 0, 0, 0, 0, 0, 0, 0, 0, 0, 0, 0, 0, 0, 0, 0, 0, 0, 0, 0, 0, 0, 0, 0, 0, 0, 0, 0, 0, 0, 1, 0, 0, 0, 0, 0, 0, 0), 
(21008, 8, 192, 'Campfire', '', '', '', 4, 10, 2061, 0, 0, 0, 0, 0, 0, 0, 0, 0, 0, 0, 0, 0, 0, 0, 0, 0, 0, 0, 0, 0, 0, 0, 0, 0, 0, 0, 0, 0, 1, 0, 0, 0, 0, 0, 0, 0), 
(21009, 8, 192, 'Campfire', '', '', '', 4, 10, 2061, 0, 0, 0, 0, 0, 0, 0, 0, 0, 0, 0, 0, 0, 0, 0, 0, 0, 0, 0, 0, 0, 0, 0, 0, 0, 0, 0, 0, 0, 1, 0, 0, 0, 0, 0, 0, 0), 
(184164, 0, 6702, 'Karazhan Gatehouse Portcullis', '', '', '', 0, 0, 5000, 0, 0, 0, 0, 0, 0, 0, 0, 0, 0, 0, 0, 0, 0, 0, 0, 0, 0, 0, 0, 0, 0, 0, 0, 0, 0, 0, 0, 0, 1.18, 0, 0, 0, 0, 0, 0, 0), 
(190536, 15, 7446, 'Ship, Icebreaker (Stormwind''s Pride)', '', '', '', 965, 21, 1, 0, 0, 1, 614, 3481, 0, 0, 0, 0, 0, 0, 0, 0, 0, 0, 0, 0, 0, 0, 0, 0, 0, 0, 0, 0, 0, 0, 0, 0, 1, 0, 0, 0, 0, 0, 0, 0), 
(206328, 15, 3031, 'Krazzworks to Dragonmaw Port', '', '', '', 2477, 20, 8, 0, 0, 0, 762, 0, 0, 0, 0, 0, 0, 0, 0, 0, 0, 0, 0, 0, 0, 0, 0, 0, 0, 0, 0, 0, 0, 0, 0, 0, 1, 0, 0, 0, 0, 0, 0, 0), 
(206329, 15, 3031, 'Dragonmaw Port to Krazzworks', '', '', '', 2480, 20, 8, 0, 0, 0, 763, 0, 0, 0, 0, 0, 0, 0, 0, 0, 0, 0, 0, 0, 0, 0, 0, 0, 0, 0, 0, 0, 0, 0, 0, 0, 1, 0, 0, 0, 0, 0, 0, 0), 
(177245, 0, 3811, 'Doodad_WroughtIronDoor01', '', '', '', 0, 0, 3000, 0, 0, 0, 0, 0, 0, 0, 0, 0, 0, 0, 0, 0, 0, 0, 0, 0, 0, 0, 0, 0, 0, 0, 0, 0, 0, 0, 0, 0, 0.776923, 0, 0, 0, 0, 0, 0, 0), 
(177246, 0, 3771, 'Doodad_WroughtIronDoor02', '', '', '', 0, 0, 3000, 0, 0, 0, 0, 0, 0, 0, 0, 0, 0, 0, 0, 0, 0, 0, 0, 0, 0, 0, 0, 0, 0, 0, 0, 0, 0, 0, 0, 0, 0.78587, 0, 0, 0, 0, 0, 0, 0), 
(177247, 0, 3771, 'Doodad_WroughtIronDoor03', '', '', '', 0, 0, 3000, 0, 0, 0, 0, 0, 0, 0, 0, 0, 0, 0, 0, 0, 0, 0, 0, 0, 0, 0, 0, 0, 0, 0, 0, 0, 0, 0, 0, 0, 0.78587, 0, 0, 0, 0, 0, 0, 0), 
(176694, 0, 411, 'Karazhan Side Entrance', '', '', '', 0, 0, 5000, 0, 0, 0, 0, 0, 0, 0, 0, 0, 0, 0, 0, 0, 0, 0, 0, 0, 0, 0, 0, 0, 0, 0, 0, 0, 0, 0, 0, 0, 1.497804, 0, 0, 0, 0, 0, 0, 0), 
(177248, 0, 3771, 'Doodad_WroughtIronDoor04', '', '', '', 0, 0, 3000, 0, 0, 0, 0, 0, 0, 0, 0, 0, 0, 0, 0, 0, 0, 0, 0, 0, 0, 0, 0, 0, 0, 0, 0, 0, 0, 0, 0, 0, 0.78587, 0, 0, 0, 0, 0, 0, 0), 
(177249, 0, 3771, 'Doodad_WroughtIronDoor05', '', '', '', 0, 0, 3000, 0, 0, 0, 0, 0, 0, 0, 0, 0, 0, 0, 0, 0, 0, 0, 0, 0, 0, 0, 0, 0, 0, 0, 0, 0, 0, 0, 0, 0, 0.78587, 0, 0, 0, 0, 0, 0, 0), 
(177250, 0, 3771, 'Doodad_WroughtIronDoor06', '', '', '', 0, 0, 3000, 0, 0, 0, 0, 0, 0, 0, 0, 0, 0, 0, 0, 0, 0, 0, 0, 0, 0, 0, 0, 0, 0, 0, 0, 0, 0, 0, 0, 0, 0.78587, 0, 0, 0, 0, 0, 0, 0), 
(177251, 0, 3811, 'Doodad_WroughtIronDoor07', '', '', '', 0, 0, 3000, 0, 0, 0, 0, 0, 0, 0, 0, 0, 0, 0, 0, 0, 0, 0, 0, 0, 0, 0, 0, 0, 0, 0, 0, 0, 0, 0, 0, 0, 0.776923, 0, 0, 0, 0, 0, 0, 0), 
(177252, 0, 3811, 'Doodad_WroughtIronDoor08', '', '', '', 0, 0, 3000, 0, 0, 0, 0, 0, 0, 0, 0, 0, 0, 0, 0, 0, 0, 0, 0, 0, 0, 0, 0, 0, 0, 0, 0, 0, 0, 0, 0, 0, 0.776923, 0, 0, 0, 0, 0, 0, 0), 
(177253, 0, 3811, 'Doodad_WroughtIronDoor09', '', '', '', 0, 0, 3000, 0, 0, 0, 0, 0, 0, 0, 0, 0, 0, 0, 0, 0, 0, 0, 0, 0, 0, 0, 0, 0, 0, 0, 0, 0, 0, 0, 0, 0, 0.776923, 0, 0, 0, 0, 0, 0, 0), 
(177254, 0, 3811, 'Doodad_opendoor_01', '', '', '', 0, 0, 3000, 0, 0, 0, 0, 0, 0, 0, 0, 0, 0, 0, 0, 0, 0, 0, 0, 0, 0, 0, 0, 0, 0, 0, 0, 0, 0, 0, 0, 0, 0.776923, 0, 0, 0, 0, 0, 0, 0), 
(177255, 0, 3811, 'Doodad_opendoor_03', '', '', '', 0, 0, 3000, 0, 0, 0, 0, 0, 0, 0, 0, 0, 0, 0, 0, 0, 0, 0, 0, 0, 0, 0, 0, 0, 0, 0, 0, 0, 0, 0, 0, 0, 0.776923, 0, 0, 0, 0, 0, 0, 0), 
(181688, 15, 7446, 'Ship, Icebreaker (Northspear)', '', '', '', 964, 15, 1, 0, 0, 1, 612, 3481, 0, 0, 0, 0, 0, 0, 0, 0, 0, 0, 0, 0, 0, 0, 0, 0, 0, 0, 0, 0, 0, 0, 0, 0, 1, 0, 0, 0, 0, 0, 0, 0), 
(177256, 0, 3811, 'Doodad_opendoor_02', '', '', '', 0, 0, 3000, 0, 0, 0, 0, 0, 0, 0, 0, 0, 0, 0, 0, 0, 0, 0, 0, 0, 0, 0, 0, 0, 0, 0, 0, 0, 0, 0, 0, 0, 0.776923, 0, 0, 0, 0, 0, 0, 0), 
(181689, 15, 7546, 'Zeppelin, Horde (Cloudkisser)', '', '', '', 737, 30, 1, 0, 0, 0, 610, 3481, 0, 0, 0, 0, 0, 0, 0, 0, 0, 0, 0, 0, 0, 0, 0, 0, 0, 0, 0, 0, 0, 0, 0, 0, 1, 0, 0, 0, 0, 0, 0, 0), 
(152614, 11, 1587, 'Elevator', '', '', '', 0, 0, 0, 0, 0, 0, 0, 0, 0, 0, 0, 0, 0, 0, 0, 0, 0, 0, 0, 0, 0, 0, 0, 0, 0, 0, 0, 0, 0, 0, 0, 0, 1, 0, 0, 0, 0, 0, 0, 0); 



INSERT INTO `gameobject` (`id`, `map`, `spawnMask`, `phaseMask`, `position_x`, `position_y`, `position_z`, `orientation`, `rotation0`, `rotation1`, `rotation2`, `rotation3`, `spawntimesecs`, `animprogress`, `state`) VALUES
(194922, 0, 1, 1, 3782.581, -3590.481, 143.9873, 1.946041, 0, 0, 0, 0, 120, 255, 1), 
(194918, 0, 1, 1, 3571.571, -3451.686, 136.3569, 2.312558, 0, 0, 0, 0, 120, 255, 1), 
(194917, 0, 1, 1, 3603.04, -3335.242, 125.3545, 3.141593, 0, 0, 0, 0, 120, 255, 1), 
(207872, 0, 1, 1, -6247.23, 6529.747, -880.4471, 5.240902, 0, 0, 0, 0, 120, 255, 0), 
(21008, 0, 1, 1, -8768.924, -115.092, 83.36646, 3.143628, 0, 0, 0, 0, 120, 255, 1), 
(21007, 0, 1, 1, -8752.716, -190.934, 85.40977, 3.00195, 0, 0, 0, 0, 120, 255, 1), 
(201517, 0, 1, 1, -8765.823, 403.1644, 104.1621, 5.384343, 0, 0, 0, 0, 120, 255, 0), 
(21009, 0, 1, 1, -8789.556, -248.0955, 82.4282, 3.141593, 0, 0, 0, 0, 120, 255, 1), 
(195437, 0, 1, 1, -1643.74, 4642.156, -1308.775, 1.41361, 0, 0, 0, 0, 120, 255, 1), 
(207869, 0, 1, 1, -6188.985, 6559.648, -883.7168, 5.240902, 0, 0, 0, 0, 120, 255, 0), 
(207871, 0, 1, 1, -6032.426, 6805.216, -877.9181, 6.140289, 0, 0, 0, 0, 120, 255, 0), 
(207870, 0, 1, 1, -6047.34, 6742.35, -883.7168, 5.852104, 0, 0, 0, 0, 120, 255, 0), 
(195491, 0, 1, 1, -1713.75, 4664.54, -1309.52, 4.14516, 0, 0, 0, 0, 120, 255, 1), 
(195437, 0, 1, 1, -1146.486, 4356.482, -1307.615, 0.5845804, 0, 0, 0, 0, 120, 255, 1), 
(195437, 0, 1, 1, -1147.139, 4471.825, -1307.615, 5.471503, 0, 0, 0, 0, 120, 255, 1), 
(195491, 0, 1, 1, -1582.631, 4657.26, -1309.14, 5.358162, 0, 0, 0, 0, 120, 255, 1), 
(206111, 0, 1, 1, -8823.851, 630.5729, 94.136, 3.874634, 0, 0, 0, 0, 120, 255, 1), 
(151967, 0, 1, 1, -8849.778, -192.7839, 89.31577, 2.766338, 0, 0, 0, 0, 120, 255, 1), 
(151968, 0, 1, 1, -8889.897, -162.1036, 113.122, 4.32842, 0, 0, 0, 0, 120, 255, 1), 
(151972, 0, 1, 1, -8905.101, -210.8493, 89.15229, 2.783795, 0, 0, 0, 0, 120, 255, 1), 
(151971, 0, 1, 1, -8899.137, -195.7084, 89.15229, 2.783795, 0, 0, 0, 0, 120, 255, 1), 
(151970, 0, 1, 1, -8912.84, -189.9444, 89.15229, 5.907941, 0, 0, 0, 0, 120, 255, 1), 
(204582, 0, 1, 1, -9282.32, -3327.47, 112.287, 6.19592, 0, 0, 0, 0, 120, 255, 1), 
(151969, 0, 1, 1, -8905.305, -182.0844, 113.122, 5.916668, 0, 0, 0, 0, 120, 255, 1), 
(151953, 0, 1, 1, -8883.066, -155.1999, 81.92612, 2.801249, 0, 0, 0, 0, 120, 255, 1), 
(151963, 0, 1, 1, -8874.482, -171.5673, 89.29059, 4.337144, 0, 0, 0, 0, 120, 255, 1), 
(151964, 0, 1, 1, -8876.239, -191.1153, 89.29059, 1.186823, 0, 0, 0, 0, 120, 255, 1), 
(151957, 0, 1, 1, -8847.944, -187.0024, 81.92091, 2.766338, 0, 0, 0, 0, 120, 255, 1), 
(151961, 0, 1, 1, -8873.379, -172.7363, 81.94326, 4.337144, 0, 0, 0, 0, 120, 255, 1), 
(151962, 0, 1, 1, -8866.222, -175.5557, 81.94326, 4.337144, 0, 0, 0, 0, 120, 255, 1), 
(151958, 0, 1, 1, -8917.298, -164.0753, 81.92612, 4.468043, 0, 0, 0, 0, 120, 255, 1), 
(151954, 0, 1, 1, -8920.335, -208.1668, 89.16137, 5.898707, 0, 0, 0, 0, 120, 255, 1), 
(151955, 0, 1, 1, -8888.92, -151.5352, 81.92612, 4.511678, 0, 0, 0, 0, 120, 255, 1), 
(151959, 0, 1, 1, -8853.784, -180.455, 81.94326, 4.337144, 0, 0, 0, 0, 120, 255, 1), 
(151966, 0, 1, 1, -8911.889, -182.8102, 81.92612, 1.178098, 0, 0, 0, 0, 120, 255, 1), 
(151960, 0, 1, 1, -8882.17, -188.2191, 81.94326, 1.195551, 0, 0, 0, 0, 120, 255, 1), 
(151956, 0, 1, 1, -8861.491, -180.3556, 81.94326, 5.899214, 0, 0, 0, 0, 120, 255, 1), 
(151965, 0, 1, 1, -8910.389, -167.9629, 113.1499, 5.907941, 0, 0, 0, 0, 120, 255, 1), 
(175369, 0, 1, 1, 3185.481, -4039.099, 107.7914, 3.124123, 0, 0, 0, 0, 120, 255, 1), 
(175370, 0, 1, 1, 3271.517, -4064.309, 108.4344, 3.429581, 0, 0, 0, 0, 120, 255, 1), 
(195491, 0, 1, 1, -1079.949, 4325.91, -1309.27, 4.459317, 0, 0, 0, 0, 120, 255, 1), 
(195491, 0, 1, 1, -1086.77, 4513.75, -1309.27, 1.919862, 0, 0, 0, 0, 120, 255, 1), 
(195491, 0, 1, 1, -1568.881, 4784.29, -1309.41, 0.4014249, 0, 0, 0, 0, 120, 255, 1), 
(195491, 0, 1, 1, -1171.189, 4416.63, -1309.28, 3.097919, 0, 0, 0, 0, 120, 255, 1), 
(195437, 0, 1, 1, -1552.63, 4712.904, -1308.775, 2.809871, 0, 0, 0, 0, 120, 255, 1), 
(1617, 0, 1, 1, -9127.981, -15.85276, 85.69804, 6.143561, 0, 0, 0, 0, 120, 255, 1), 
(161536, 0, 1, 1, -6756.729, -1166.696, 187.0422, 1.317723, 0, 0, 0, 0, 120, 255, 1), 
(202578, 0, 1, 1, -8907.2, -130.075, 80.798, 2.015852, 0, 0, 0, 0, 120, 255, 1), 
(204828, 0, 1, 1, -11571.15, -568.7274, 33.68356, 3.211419, 0, 0, 0, 0, 120, 255, 1), 
(143979, 0, 1, 1, -11600.36, -698.984, 30.97299, 0.01745246, 0, 0, 0, 0, 120, 255, 1), 
(37118, 0, 1, 1, -9896.839, -3723.431, 21.91474, 2.286379, 0, 0, 0, 0, 120, 255, 1), 
(203732, 0, 1, 1, -8935.776, -135.8767, 82.19699, 2.312558, 0, 0, 0, 0, 120, 255, 1), 
(207208, 0, 1, 1, -11080.01, -1929.494, 90.90231, 1.80453, 0, 0, 0, 0, 120, 255, 1), 
(203731, 0, 1, 1, -8937.58, -136.941, 82.19699, 1.963495, 0, 0, 0, 0, 120, 255, 1), 
(175761, 0, 1, 1, -8856.742, -184.6718, 83.11938, 0.7330382, 0, 0, 0, 0, 120, 255, 1), 
(203398, 0, 1, 1, -6895.021, 4267.181, -2.49859, 0.6195931, 0, 0, 0, 0, 120, 255, 1), 
(1731, 0, 1, 1, -9074.683, 25.98931, 97.50414, 0.6457717, 0, 0, 0, 0, 120, 255, 1), 
(202831, 0, 1, 1, -7427.796, -1169.742, 478.2133, 0.3503397, 0, 0, 0, 0, 120, 255, 1), 
(203399, 0, 1, 1, -6951.91, 4135.649, -2.532064, 0.1832588, 0, 0, 0, 0, 120, 255, 1), 
(203397, 0, 1, 1, -7032.8, 4313.391, -2.122287, 0.6195911, 0, 0, 0, 0, 120, 255, 1), 
(203400, 0, 1, 1, -7259.479, 4101.91, -1.733832, 5.445428, 0, 0, 0, 0, 120, 255, 1), 
(177256, 0, 1, 1, -11032.87, -1539.138, 29.45629, 1.596976, 0, 0, 0, 0, 120, 255, 1), 
(177251, 0, 1, 1, -11094.74, -1601.537, 27.99158, 1.596976, 0, 0, 0, 0, 120, 255, 1), 
(177255, 0, 1, 1, -11033.78, -1504.649, 27.99158, 1.596976, 0, 0, 0, 0, 120, 255, 1), 
(177248, 0, 1, 1, -11031.28, -1600.163, 27.97834, 1.596976, 0, 0, 0, 0, 120, 255, 1), 
(177254, 0, 1, 1, -11065.52, -1505.48, 27.99158, 1.596976, 0, 0, 0, 0, 120, 255, 1), 
(177249, 0, 1, 1, -11063.01, -1600.994, 27.97834, 1.596976, 0, 0, 0, 0, 120, 255, 1), 
(177252, 0, 1, 1, -11096.34, -1540.468, 27.99158, 1.596976, 0, 0, 0, 0, 120, 255, 1), 
(177250, 0, 1, 1, -11064.62, -1539.476, 27.97834, 1.596976, 0, 0, 0, 0, 120, 255, 1), 
(177253, 0, 1, 1, -11097.23, -1506.311, 27.99158, 1.596976, 0, 0, 0, 0, 120, 255, 1), 
(177246, 0, 1, 1, -11093.86, -1635.39, 27.97834, 1.596976, 0, 0, 0, 0, 120, 255, 1), 
(177245, 0, 1, 1, -11062.1, -1635.611, 27.99158, 1.596976, 0, 0, 0, 0, 120, 255, 1), 
(177247, 0, 1, 1, -11030.4, -1633.728, 27.97834, 1.596976, 0, 0, 0, 0, 120, 255, 1), 
(203401, 0, 1, 1, -7147.46, 4035.37, -1.931532, 5.096362, 0, 0, 0, 0, 120, 255, 1), 
(177203, 0, 1, 1, -11067.97, -1824.712, 60.19905, 1.596976, 0, 0, 0, 0, 120, 255, 1), 
(203402, 0, 1, 1, -7208.941, 3910.72, -2.248372, 4.756022, 0, 0, 0, 0, 120, 255, 1), 
(174626, 0, 1, 1, 1267.591, -2567.375, 94.11425, 5.192355, 0, 0, 0, 0, 120, 255, 1), 
(101851, 0, 1, 1, 2886.309, -827.2612, 160.3354, 1.963495, 0, 0, 0, 0, 120, 255, 1), 
(101850, 0, 1, 1, 2908.177, -818.2034, 160.3318, 1.963495, 0, 0, 0, 0, 120, 255, 1), 
(180497, 0, 1, 1, -11505.66, -1609.016, 47.6743, 1.579522, 0, 0, 0, 0, 120, 255, 0), 
(190192, 0, 1, 1, -4903.218, -6629.801, 10.95026, 5.410522, 0, 0, 0, 0, 120, 255, 0), 
(204848, 0, 1, 1, -6327.528, 4167.719, -489.2864, 0.8854322, 0, 0, 0, 0, 120, 255, 0), 
(204850, 0, 1, 1, -6612.319, 4228.612, -483.4876, 1.78482, 0, 0, 0, 0, 120, 255, 1), 
(204851, 0, 1, 1, -6544.712, 4244.213, -489.2864, 1.325501, 0, 0, 0, 0, 120, 255, 1), 
(205077, 0, 1, 1, -4917.348, 782.4108, 276.2287, 1.492256, 0, 0, 0, 0, 120, 255, 1), 
(176580, 0, 1, 1, -11033.63, -1986.337, 126.0721, 4.223697, 0, 0, 0, 0, 120, 255, 1), 
(176579, 0, 1, 1, -11070.7, -2001.422, 114.8234, 4.677484, 0, 0, 0, 0, 120, 255, 1), 
(176577, 0, 1, 1, -11066.05, -1988.069, 231.5188, 2.591811, 0, 0, 0, 0, 120, 255, 1), 
(176633, 0, 1, 1, -11105.65, -1966.78, 90.90231, 3.351047, 0, 0, 0, 0, 120, 255, 1), 
(176578, 0, 1, 1, -11098.14, -1990.838, 49.49687, 3.813545, 0, 0, 0, 0, 120, 255, 1), 
(176594, 0, 1, 1, 2389.097, 337.9021, 40.01292, 2.242746, 0, 0, 0, 0, 120, 255, 1), 
(204883, 0, 1, 1, -9172.98, 12.4323, 79.1655, 2.373644, 0, 0, 0, 0, 120, 255, 1), 
(184164, 0, 1, 1, -11111.03, -2004.483, 49.3827, 3.813545, 0, 0, 0, 0, 120, 255, 1), 
(176901, 0, 1, 1, -11206.37, -1755.071, 4.382416, 1.596976, 0, 0, 0, 0, 120, 255, 1), 
(177047, 0, 1, 1, -11206.93, -1733.736, 4.382416, 1.596976, 0, 0, 0, 0, 120, 255, 1), 
(177048, 0, 1, 1, -11226.34, -1755.594, 4.382416, 1.596976, 0, 0, 0, 0, 120, 255, 1), 
(177049, 0, 1, 1, -11226.9, -1734.259, 4.382416, 1.596976, 0, 0, 0, 0, 120, 255, 1), 
(176694, 0, 1, 1, -11037.91, -1999.855, 92.9915, 2.242746, 0, 0, 0, 0, 120, 255, 1), 
(197143, 0, 1, 1, -8970.094, 497.9379, 98.12962, 2.242746, 0, 0, 0, 0, 120, 255, 1), 
(197142, 0, 1, 1, -8950.245, 523.951, 98.12962, 3.813545, 0, 0, 0, 0, 120, 255, 1), 
(197144, 0, 1, 1, -8999.857, 474.2628, 98.12962, 2.242746, 0, 0, 0, 0, 120, 255, 1), 
(197141, 0, 1, 1, -9010.016, 487.0608, 98.12962, 5.384343, 0, 0, 0, 0, 120, 255, 1), 
(197145, 0, 1, 1, -8980.14, 510.7762, 98.12691, 5.384343, 0, 0, 0, 0, 120, 255, 1), 
(194920, 0, 1, 1, 3931.202, -3549.387, 133.9609, 2.949595, 0, 0, 0, 0, 120, 255, 1), 
(194921, 0, 1, 1, 3908.553, -3545.293, 135.9082, 2.949595, 0, 0, 0, 0, 120, 255, 1), 
(194924, 0, 1, 1, 3960.596, -3392.892, 119.6622, 3.194002, 0, 0, 0, 0, 120, 255, 1), 
(194919, 0, 1, 1, 3555.828, -3434.895, 136.3569, 2.312558, 0, 0, 0, 0, 120, 255, 1), 
(194916, 0, 1, 1, 3621.545, -3335.557, 123.5011, 3.141593, 0, 0, 0, 0, 120, 255, 1), 
(194925, 0, 1, 1, 3908.783, -3320.208, 120.9042, 4.424412, 0, 0, 0, 0, 120, 255, 1), 
(194934, 0, 1, 1, 3624.908, -3642.165, 138.4453, 3.595379, 0, 0, 0, 0, 120, 255, 1), 
(194923, 0, 1, 1, 3727.291, -3599.084, 142.2197, 3.516848, 0, 0, 0, 0, 120, 255, 1); 




DELETE FROM `creature_template` WHERE `entry` IN (42937, 6373, 42938, 42940, 42944, 40728, 49869, 24110, 49871, 49874, 1976, 28569, 28571, 14721, 28572, 883, 890, 42717, 28596, 43278, 68, 42173, 17804, 7555, 78, 43291, 911, 43292, 915, 29726, 42196, 94, 925, 37490, 44140, 375, 51348, 1213, 32520, 42216, 42218, 951, 952, 6774, 416, 5403, 28951, 43359, 37543, 152, 47244, 9296, 721, 50039, 37574, 11260, 12922, 41178, 459, 50047, 466, 190, 42851, 196, 197, 198, 2442, 44548, 50378, 44564, 4959, 45681, 1642, 14394, 40987, 823, 6368);
INSERT INTO `creature_template` (`entry`, `name`, `subname`, `IconName`, `type_flags`, `type_flags2`, `type`, `family`, `rank`, `KillCredit1`, `KillCredit2`, `Unknown`, `PetSpellDataId`, `modelid_1`, `modelid_2`, `modelid_3`, `modelid_4`, `unk16`, `unk17`, `RacialLeader`, `questItem1`, `questItem2`, `questItem3`, `questItem4`, `questItem5`, `questItem6`, `movementId`) VALUES
(42937, 'Blackrock Invader', '', '', 0, 0, 7, 0, 0, 0, 0, 0, 0, 33142, 33144, 33145, 33146, 1, 1, 0, 58361, 752, 0, 0, 0, 0, 100), 
(6373, 'Dane Winslow', 'Demon Trainer', '', 0, 0, 7, 0, 0, 0, 0, 0, 0, 5087, 0, 0, 0, 1, 1, 0, 0, 0, 0, 0, 0, 0, 0), 
(42938, 'Kurtok the Slayer', '', '', 2147483648, 0, 7, 0, 0, 0, 0, 0, 0, 33143, 0, 0, 0, 2, 1, 0, 752, 0, 0, 0, 0, 0, 100), 
(42940, 'Northshire Vineyards Fire Trigger', '', '', 1048576, 0, 10, 0, 0, 0, 0, 0, 0, 22712, 11686, 0, 0, 1, 1, 0, 0, 0, 0, 0, 0, 0, 0), 
(42944, 'Hose Anchor', '', '', 1048576, 0, 10, 0, 0, 0, 0, 0, 0, 22712, 11686, 0, 0, 1, 1, 0, 0, 0, 0, 0, 0, 0, 0), 
(40728, 'Whale Shark', '', '', 4, 0, 1, 0, 1, 0, 0, 0, 0, 33618, 0, 0, 0, 125, 1, 0, 0, 0, 0, 0, 0, 0, 0), 
(49869, 'Stormwind Infantry', '', '', 4096, 0, 7, 0, 0, 0, 0, 0, 0, 32729, 0, 0, 0, 1, 1, 0, 0, 0, 0, 0, 0, 0, 0), 
(24110, 'ELM General Purpose Bunny Large', '', '', 1056, 0, 10, 0, 0, 0, 0, 0, 0, 1126, 11686, 0, 0, 1, 1, 0, 0, 0, 0, 0, 0, 0, 0), 
(49871, 'Blackrock Battle Worg', '', '', 1, 0, 1, 1, 0, 0, 0, 0, 0, 40147, 0, 0, 0, 1, 1, 0, 65614, 0, 0, 0, 0, 0, 100), 
(49874, 'Blackrock Spy', '', '', 0, 0, 7, 0, 0, 0, 0, 0, 0, 36653, 36652, 36654, 36655, 1, 1, 0, 65652, 0, 0, 0, 0, 0, 100), 
(1976, 'Stormwind City Patroller', '', 'Directions', 0, 0, 7, 0, 0, 0, 0, 0, 0, 3167, 0, 0, 0, 1.5, 1, 0, 0, 0, 0, 0, 0, 0, 0), 
(28569, 'Construction Worker', '', '', 0, 0, 7, 0, 0, 0, 0, 0, 0, 25519, 25544, 0, 0, 1, 1, 0, 0, 0, 0, 0, 0, 0, 0), 
(28571, 'Foreman Wick', '', '', 0, 0, 7, 0, 0, 0, 0, 0, 0, 25522, 0, 0, 0, 1, 1, 0, 0, 0, 0, 0, 0, 0, 0), 
(14721, 'Field Marshal Afrasiabi', '', '', 0, 0, 7, 0, 1, 0, 0, 0, 0, 14733, 0, 0, 0, 16, 1, 0, 0, 0, 0, 0, 0, 0, 0), 
(28572, 'Mason Goldgild', 'Royal Stonecutter''s Guild', '', 0, 0, 7, 0, 0, 0, 0, 0, 0, 25523, 0, 0, 0, 1, 1, 0, 0, 0, 0, 0, 0, 0, 0), 
(883, 'Deer', '', '', 0, 0, 8, 0, 0, 0, 0, 0, 0, 347, 0, 0, 0, 0.01, 1, 0, 0, 0, 0, 0, 0, 0, 100), 
(890, 'Fawn', '', '', 0, 0, 8, 0, 0, 0, 0, 0, 0, 654, 0, 0, 0, 0.2, 1, 0, 0, 0, 0, 0, 0, 0, 100), 
(42717, 'Young Wolf', '', '', 1, 0, 1, 1, 0, 0, 0, 0, 0, 903, 0, 0, 0, 1, 1, 0, 0, 0, 0, 0, 0, 0, 0), 
(28596, 'Dwarven Construction Worker', '', '', 0, 0, 7, 0, 0, 0, 0, 0, 0, 25520, 0, 0, 0, 1, 1, 0, 0, 0, 0, 0, 0, 0, 0), 
(43278, 'Ashley Blank', 'Hunter Trainer', '', 0, 0, 7, 0, 0, 0, 0, 0, 0, 33304, 0, 0, 0, 1, 1, 0, 0, 0, 0, 0, 0, 0, 0), 
(68, 'Stormwind City Guard', '', 'Directions', 0, 0, 7, 0, 0, 0, 0, 0, 0, 3167, 5446, 0, 0, 1.5, 1, 0, 0, 0, 0, 0, 0, 0, 144), 
(42173, 'The Undershell Tentacle Flavor', '', '', 1024, 0, 10, 0, 0, 0, 0, 0, 0, 32703, 0, 0, 0, 1, 1, 0, 0, 0, 0, 0, 0, 0, 0), 
(17804, 'Squire Rowe', '', '', 0, 0, 7, 0, 0, 0, 0, 0, 0, 17250, 0, 0, 0, 1.3, 1, 0, 0, 0, 0, 0, 0, 0, 0), 
(7555, 'Hawk Owl', '', '', 0, 0, 12, 0, 0, 0, 0, 0, 0, 6299, 0, 0, 0, 1, 1, 0, 0, 0, 0, 0, 0, 0, 121), 
(78, 'Janos Hammerknuckle', 'Weaponsmith', '', 0, 0, 7, 0, 0, 0, 0, 0, 0, 3275, 0, 0, 0, 1, 1, 0, 0, 0, 0, 0, 0, 0, 0), 
(43291, 'Wilson', '', '', 0, 0, 1, 1, 0, 0, 0, 0, 0, 447, 0, 0, 0, 1, 1, 0, 0, 0, 0, 0, 0, 0, 100), 
(911, 'Llane Beshere', 'Warrior Trainer', '', 0, 0, 7, 0, 0, 0, 0, 0, 0, 3343, 0, 0, 0, 1, 1, 0, 0, 0, 0, 0, 0, 0, 0), 
(43292, 'Adele', '', '', 0, 0, 1, 1, 0, 0, 0, 0, 0, 447, 0, 0, 0, 1, 1, 0, 0, 0, 0, 0, 0, 0, 100), 
(915, 'Jorik Kerridan', 'Rogue Trainer', '', 0, 0, 7, 0, 0, 0, 0, 0, 0, 3351, 0, 0, 0, 1, 1, 0, 0, 0, 0, 0, 0, 0, 0), 
(29726, 'Mr. Chilly', '', '', 0, 0, 12, 0, 0, 0, 0, 0, 0, 26452, 0, 0, 0, 1, 1, 0, 0, 0, 0, 0, 0, 0, 121), 
(42196, 'ELM General Purpose Bunny Infinite (scale x2.5)', '', '', 1056, 0, 10, 0, 0, 0, 0, 0, 0, 1126, 20024, 0, 0, 1, 1, 0, 0, 0, 0, 0, 0, 0, 0), 
(94, 'Cutpurse', '', '', 0, 0, 7, 0, 0, 0, 0, 0, 0, 33163, 33164, 0, 0, 1, 1, 0, 0, 0, 0, 0, 0, 0, 100), 
(925, 'Brother Sammuel', 'Paladin Trainer', '', 0, 0, 7, 0, 0, 0, 0, 0, 0, 3346, 0, 0, 0, 1, 1, 0, 0, 0, 0, 0, 0, 0, 0), 
(37490, 'ELM General Purpose Bunny Infinite', '', '', 1056, 0, 10, 0, 0, 0, 0, 0, 0, 1126, 11686, 0, 0, 1, 1, 0, 0, 0, 0, 0, 0, 0, 0), 
(44140, 'PetWait Trigger', '', '', 1048576, 0, 10, 0, 0, 0, 0, 0, 0, 22712, 11686, 0, 0, 1, 1, 0, 0, 0, 0, 0, 0, 0, 0), 
(375, 'Priestess Anetta', 'Priest Trainer', '', 0, 0, 7, 0, 0, 0, 0, 0, 0, 3344, 0, 0, 0, 1, 1, 0, 0, 0, 0, 0, 0, 0, 0), 
(51348, 'Stormwind Gryphon Rider', '', '', 2048, 0, 7, 0, 0, 0, 0, 0, 0, 37310, 37311, 0, 0, 1.5, 1, 0, 0, 0, 0, 0, 0, 0, 197), 
(1213, 'Godric Rothgar', 'Armorer & Shieldcrafter', '', 0, 0, 7, 0, 0, 0, 0, 0, 0, 3278, 0, 0, 0, 1, 1, 0, 0, 0, 0, 0, 0, 0, 0), 
(32520, 'Totally Generic Bunny (All Phase)', '', '', 0, 0, 10, 0, 0, 0, 0, 0, 0, 16480, 21342, 0, 0, 1, 1, 0, 0, 0, 0, 0, 0, 0, 0), 
(42216, 'Stormwind Army Registrar', '', '', 0, 0, 7, 0, 0, 0, 0, 0, 0, 32727, 32728, 0, 0, 1, 1, 0, 0, 0, 0, 0, 0, 0, 0), 
(42218, 'Stormwind Royal Guard', '', '', 0, 0, 7, 0, 1, 0, 0, 0, 0, 32729, 0, 0, 0, 2, 1, 0, 0, 0, 0, 0, 0, 0, 0), 
(951, 'Brother Paxton', '', '', 0, 0, 7, 0, 0, 0, 0, 0, 0, 3253, 0, 0, 0, 1.05, 20, 0, 0, 0, 0, 0, 0, 0, 0), 
(952, 'Brother Neals', '', '', 0, 0, 7, 0, 0, 0, 0, 0, 0, 3317, 0, 0, 0, 1.25, 1, 0, 0, 0, 0, 0, 0, 0, 0), 
(6774, 'Falkhaan Isenstrider', '', '', 0, 0, 7, 0, 0, 0, 0, 0, 0, 5526, 0, 0, 0, 1, 1, 0, 0, 0, 0, 0, 0, 0, 0), 
(416, 'Imp', '', '', 0, 0, 3, 23, 0, 0, 0, 0, 0, 4449, 0, 0, 0, 1, 1, 0, 0, 0, 0, 0, 0, 0, 121), 
(5403, 'Riding White Stallion', '', '', 0, 0, 1, 0, 0, 0, 0, 0, 0, 2410, 0, 0, 0, 1, 1, 0, 0, 0, 0, 0, 0, 0, 140), 
(28951, 'Breanni', 'Pet Supplies', '', 4096, 0, 7, 0, 0, 0, 0, 0, 0, 25791, 0, 0, 0, 1, 1, 0, 0, 0, 0, 0, 0, 0, 0), 
(43359, 'ELM General Purpose Bunny Infinite Hide Body', '', '', 1024, 0, 10, 0, 0, 0, 0, 0, 0, 1126, 11686, 0, 0, 1, 1, 0, 0, 0, 0, 0, 0, 0, 0), 
(37543, '[DND] Shaker', '', '', 0, 0, 10, 0, 0, 0, 0, 0, 0, 21955, 22769, 0, 0, 1, 1, 0, 0, 0, 0, 0, 0, 0, 84), 
(152, 'Brother Danil', 'General Supplies', '', 0, 0, 7, 0, 0, 0, 0, 0, 0, 3277, 0, 0, 0, 1, 1, 0, 0, 0, 0, 0, 0, 0, 0), 
(47244, 'Mirror Image', '', '', 16777216, 0, 7, 0, 0, 0, 0, 0, 0, 11686, 0, 0, 0, 0.3, 1, 0, 0, 0, 0, 0, 0, 0, 0), 
(9296, 'Milly Osworth', '', '', 0, 0, 7, 0, 0, 0, 0, 0, 0, 8489, 0, 0, 0, 1, 1, 0, 0, 0, 0, 0, 0, 0, 0), 
(721, 'Rabbit', '', '', 0, 0, 8, 0, 0, 0, 0, 0, 0, 328, 4626, 0, 0, 0.01, 1, 0, 0, 0, 0, 0, 0, 0, 100), 
(50039, 'Goblin Assassin', '', '', 0, 0, 7, 0, 0, 0, 0, 0, 0, 36690, 36691, 36692, 0, 1, 1, 0, 0, 0, 0, 0, 0, 0, 100), 
(37574, '[DND] Shaker - Small', '', '', 0, 0, 10, 0, 0, 0, 0, 0, 0, 21955, 24719, 0, 0, 1, 1, 0, 0, 0, 0, 0, 0, 0, 84), 
(11260, 'Northshire Peasant', '', '', 0, 0, 7, 0, 0, 0, 0, 0, 0, 11354, 0, 0, 0, 1, 1, 0, 0, 0, 0, 0, 0, 0, 0), 
(12922, 'Imp Minion', '', '', 0, 0, 3, 0, 0, 0, 0, 0, 0, 4449, 0, 0, 0, 0.36, 0.33, 0, 0, 0, 0, 0, 0, 0, 121), 
(41178, 'Northwatch Tower Stalker', '', '', 0, 0, 10, 0, 1, 0, 0, 0, 0, 169, 11686, 0, 0, 1, 1, 0, 0, 0, 0, 0, 0, 0, 0), 
(459, 'Drusilla La Salle', 'Warlock Trainer', '', 0, 0, 7, 0, 0, 0, 0, 0, 0, 3345, 0, 0, 0, 1, 1, 0, 0, 0, 0, 0, 0, 0, 0), 
(50047, 'Injured Stormwind Infantry', '', 'SkinAlliance', 0, 0, 7, 0, 0, 0, 0, 0, 0, 32729, 0, 0, 0, 1, 1, 0, 0, 0, 0, 0, 0, 0, 0), 
(466, 'General Marcus Jonathan', 'High Commander of Stormwind Defense', '', 0, 0, 7, 0, 1, 0, 0, 0, 0, 1688, 0, 0, 0, 10, 1, 0, 0, 0, 0, 0, 0, 0, 0), 
(190, 'Dermot Johns', 'Cloth & Leather Armor Merchant', '', 0, 0, 7, 0, 0, 0, 0, 0, 0, 3276, 0, 0, 0, 1, 1, 0, 0, 0, 0, 0, 0, 0, 0), 
(42851, 'Revenant of Neptulon', '', '', 8, 0, 7, 0, 1, 0, 0, 0, 0, 32802, 0, 0, 0, 5, 10, 0, 0, 0, 0, 0, 0, 0, 0), 
(196, 'Eagan Peltskinner', '', '', 0, 0, 7, 0, 0, 0, 0, 0, 0, 3251, 0, 0, 0, 1, 1, 0, 0, 0, 0, 0, 0, 0, 0), 
(197, 'Marshal McBride', '', '', 0, 0, 7, 0, 0, 0, 0, 0, 0, 1859, 0, 0, 0, 1, 1, 0, 0, 0, 0, 0, 0, 0, 0), 
(198, 'Khelden Bremen', 'Mage Trainer', '', 0, 0, 7, 0, 0, 0, 0, 0, 0, 5001, 0, 0, 0, 1, 1, 0, 0, 0, 0, 0, 0, 0, 0), 
(2442, 'Cow', '', '', 0, 0, 8, 0, 0, 0, 0, 0, 0, 1060, 0, 0, 0, 0.01, 1, 0, 0, 0, 0, 0, 0, 0, 100), 
(44548, 'Training Dummy', '', '', 0, 0, 9, 0, 0, 0, 0, 0, 0, 3019, 0, 0, 0, 2, 1, 0, 0, 0, 0, 0, 0, 0, 0), 
(50378, 'Injured Stormwind Infantry Dummy', '', 'SkinAlliance', 1048576, 0, 7, 0, 0, 0, 0, 0, 0, 32729, 25204, 0, 0, 1, 1, 0, 0, 0, 0, 0, 0, 0, 0), 
(44564, 'Wounded Trainee', '', '', 4096, 0, 7, 0, 0, 0, 0, 0, 0, 33967, 33968, 33969, 33970, 2, 1, 0, 0, 0, 0, 0, 0, 0, 0), 
(4959, 'Jorgen', '', '', 0, 0, 7, 0, 0, 0, 0, 0, 0, 4469, 0, 0, 0, 1, 1, 0, 0, 0, 0, 0, 0, 0, 0), 
(45681, 'Garginox', '', '', 40, 0, 6, 0, 1, 0, 0, 0, 0, 24301, 0, 0, 0, 15, 1, 0, 0, 0, 0, 0, 0, 0, 171), 
(1642, 'Northshire Guard', '', '', 0, 0, 7, 0, 1, 0, 0, 0, 0, 3167, 3257, 0, 0, 15, 1, 0, 0, 0, 0, 0, 0, 0, 0), 
(14394, 'Major Mattingly', '', '', 0, 0, 7, 0, 1, 0, 0, 0, 0, 14431, 0, 0, 0, 16, 1, 0, 0, 0, 0, 0, 0, 0, 0), 
(40987, 'Gnash', '', '', 0, 0, 5, 0, 1, 0, 0, 0, 0, 1137, 0, 0, 0, 6, 1, 0, 0, 0, 0, 0, 0, 0, 0), 
(823, 'Sergeant Willem', '', '', 0, 0, 7, 0, 0, 0, 0, 0, 0, 2072, 0, 0, 0, 1, 1, 0, 0, 0, 0, 0, 0, 0, 0), 
(6368, 'Cat', '', '', 0, 0, 8, 0, 0, 0, 0, 0, 0, 5585, 5555, 5556, 5586, 0.01, 1, 0, 0, 0, 0, 0, 0, 0, 100); 



UPDATE `creature_template` SET `speed_run`=1.42857146263123, `minlevel`=85, `maxlevel`=85, `minhealth`=116235, `maxhealth`=116235, `faction_A`=11, `faction_H`=11, `unit_flags`=0x8000, `modelid_1`=3167, `modelid_3`=3167, `NpcFlag`=0x1, `Resistance4`=257 WHERE `entry`=68; 
UPDATE `creature_template` SET `speed_run`=0.857142865657806, `minlevel`=3, `maxlevel`=3, `minhealth`=71, `maxhealth`=71, `faction_A`=7, `faction_H`=7, `modelid_1`=36692, `modelid_3`=36692, `DynamicFlags`=0x4, `Resistance4`=1 WHERE `entry`=50039; 
UPDATE `creature_template` SET `speed_run`=0.857142865657806, `minhealth`=42, `maxhealth`=42, `faction_A`=12, `faction_H`=12, `unit_flags`=0x300, `modelid_1`=447, `modelid_3`=447, `Resistance4`=1 WHERE `entry`=43292; 
UPDATE `creature_template` SET `speed_run`=0.857142865657806, `minlevel`=2, `maxlevel`=2, `minhealth`=55, `maxhealth`=55, `faction_A`=7, `faction_H`=7, `unit_flags`=0x80800, `modelid_1`=36654, `modelid_3`=36654, `DynamicFlags`=0x4, `Resistance4`=1 WHERE `entry`=49874; 
UPDATE `creature_template` SET `speed_run`=0.857142865657806, `minhealth`=42, `maxhealth`=42, `faction_A`=12, `faction_H`=12, `unit_flags`=0x300, `modelid_1`=447, `modelid_3`=447, `Resistance4`=1 WHERE `entry`=43291; 
UPDATE `creature_template` SET `minlevel`=5, `maxlevel`=5, `minhealth`=102, `maxhealth`=102, `faction_A`=12, `faction_H`=12, `unit_flags`=0x300, `BaseAttackTime`=1500, `modelid_1`=33304, `modelid_3`=33304, `NpcFlag`=0x33, `Resistance4`=2 WHERE `entry`=43278; 
UPDATE `creature_template` SET `speed_walk`=1.2, `speed_run`=0.857142865657806, `minhealth`=42, `maxhealth`=42, `faction_A`=32, `faction_H`=32, `modelid_1`=40147, `modelid_3`=40147, `DynamicFlags`=0x4, `Resistance4`=1 WHERE `entry`=49871; 
UPDATE `creature_template` SET `minlevel`=3, `maxlevel`=3, `minhealth`=71, `maxhealth`=71, `faction_A`=12, `faction_H`=12, `unit_flags`=0x200C300, `modelid_1`=32729, `modelid_3`=32729, `Resistance4`=1 WHERE `entry`=50047; 
UPDATE `creature_template` SET `speed_run`=0.857142865657806, `minlevel`=3, `maxlevel`=3, `minhealth`=71, `maxhealth`=71, `faction_A`=14, `faction_H`=14, `modelid_1`=33142, `modelid_3`=33142, `Resistance4`=1 WHERE `entry`=42937; 
UPDATE `creature_template` SET `speed_run`=1, `minlevel`=3, `maxlevel`=3, `minhealth`=142, `maxhealth`=142, `faction_A`=7, `faction_H`=7, `unit_flags`=0x20000, `modelid_1`=3019, `modelid_3`=3019, `DynamicFlags`=0x84, `Resistance4`=1 WHERE `entry`=44548; 
UPDATE `creature_template` SET `minlevel`=10, `maxlevel`=10, `minhealth`=198, `maxhealth`=198, `faction_A`=12, `faction_H`=12, `unit_flags`=0x300, `modelid_1`=5526, `modelid_3`=5526, `NpcFlag`=0x2, `Resistance4`=1 WHERE `entry`=6774; 
UPDATE `creature_template` SET `speed_run`=0.857142865657806, `faction_A`=31, `faction_H`=31, `modelid_1`=4626, `modelid_3`=4626, `Resistance4`=1 WHERE `entry`=721; 
UPDATE `creature_template` SET `minlevel`=5, `maxlevel`=5, `minhealth`=102, `maxhealth`=102, `faction_A`=12, `faction_H`=12, `unit_flags`=0x300, `modelid_1`=3275, `modelid_3`=3275, `NpcFlag`=0x1080, `Resistance4`=1 WHERE `entry`=78; 
UPDATE `creature_template` SET `speed_run`=0.857142865657806, `minlevel`=5, `maxlevel`=5, `faction_A`=31, `faction_H`=31, `modelid_1`=347, `modelid_3`=347, `Resistance4`=1 WHERE `entry`=883; 
UPDATE `creature_template` SET `minlevel`=2, `maxlevel`=2, `minhealth`=55, `maxhealth`=55, `faction_A`=2321, `faction_H`=2321, `unit_flags`=0x88800, `modelid_1`=32729, `modelid_3`=32729, `Resistance4`=1 WHERE `entry`=49869; 
UPDATE `creature_template` SET `speed_run`=0.857142865657806, `minhealth`=8, `maxhealth`=8, `faction_A`=31, `faction_H`=31, `modelid_1`=654, `modelid_3`=654, `Resistance4`=1 WHERE `entry`=890; 
UPDATE `creature_template` SET `speed_run`=0.857142865657806, `minlevel`=5, `maxlevel`=5, `minhealth`=102, `maxhealth`=102, `faction_A`=17, `faction_H`=17, `modelid_1`=33164, `modelid_3`=33164, `Resistance4`=1 WHERE `entry`=94; 
UPDATE `creature_template` SET `minlevel`=85, `maxlevel`=85, `minhealth`=6141, `maxhealth`=6141, `unit_flags`=0x2000300, `modelid_1`=20024, `modelid_3`=20024, `Resistance4`=1 WHERE `entry`=42196; 
UPDATE `creature_template` SET `minlevel`=60, `maxlevel`=60, `minhealth`=4979, `maxhealth`=4979, `unit_flags`=0x2000100, `modelid_1`=21342, `modelid_3`=21342, `Resistance4`=1 WHERE `entry`=32520; 
UPDATE `creature_template` SET `speed_run`=1.38571429252625, `minhealth`=42, `maxhealth`=42, `modelid_1`=2410, `modelid_3`=2410, `Resistance4`=1 WHERE `entry`=5403; 
UPDATE `creature_template` SET `minlevel`=60, `maxlevel`=60, `minhealth`=39072, `maxhealth`=39072, `faction_A`=12, `faction_H`=12, `modelid_1`=14431, `modelid_3`=14431, `NpcFlag`=0x3, `Resistance2`=1512, `Resistance4`=257, `unit_class`=2 WHERE `entry`=14394; 
UPDATE `creature_template` SET `minlevel`=31, `maxlevel`=31, `minhealth`=1006, `maxhealth`=1006, `faction_A`=55, `faction_H`=55, `unit_flags`=0x8000, `modelid_1`=25520, `modelid_3`=25520, `Resistance4`=257 WHERE `entry`=28596; 
UPDATE `creature_template` SET `minlevel`=32, `maxlevel`=32, `minhealth`=1057, `maxhealth`=1057, `faction_A`=12, `faction_H`=12, `unit_flags`=0x8000, `modelid_1`=25519, `modelid_3`=25519, `Resistance4`=257 WHERE `entry`=28569; 
UPDATE `creature_template` SET `minhealth`=42, `maxhealth`=42, `unit_flags`=0x2000300, `modelid_1`=11686, `modelid_3`=11686, `Resistance4`=1 WHERE `entry`=42940; 
UPDATE `creature_template` SET `speed_run`=0.857142865657806, `faction_A`=188, `faction_H`=188, `modelid_1`=5556, `modelid_3`=5556, `Resistance4`=1 WHERE `entry`=6368; 
UPDATE `creature_template` SET `minlevel`=5, `maxlevel`=5, `minhealth`=102, `maxhealth`=102, `faction_A`=12, `faction_H`=12, `unit_flags`=0x300, `BaseAttackTime`=1500, `modelid_1`=5001, `modelid_3`=5001, `NpcFlag`=0x3, `Resistance4`=1 WHERE `entry`=198; 
UPDATE `creature_template` SET `minlevel`=82, `maxlevel`=82, `minhealth`=268074, `maxhealth`=268074, `faction_A`=14, `faction_H`=14, `unit_flags`=0x4040, `modelid_1`=1137, `modelid_3`=1137, `Resistance4`=1 WHERE `entry`=40987; 
UPDATE `creature_template` SET `minlevel`=5, `maxlevel`=5, `minhealth`=102, `maxhealth`=102, `faction_A`=12, `faction_H`=12, `unit_flags`=0x300, `BaseAttackTime`=1500, `modelid_1`=3345, `modelid_3`=3345, `NpcFlag`=0x3, `Resistance4`=1 WHERE `entry`=459; 
UPDATE `creature_template` SET `minlevel`=3, `maxlevel`=3, `minhealth`=76, `maxhealth`=76, `faction_A`=1, `faction_H`=1, `unit_flags`=0x8, `modelid_1`=903, `modelid_3`=903, `Resistance4`=458753 WHERE `entry`=42717; 
UPDATE `creature_template` SET `minhealth`=42, `maxhealth`=42, `unit_flags`=0x2000100, `modelid_1`=11686, `modelid_3`=11686, `Resistance4`=1 WHERE `entry`=44140; 
UPDATE `creature_template` SET `minlevel`=5, `maxlevel`=5, `minhealth`=102, `maxhealth`=102, `faction_A`=12, `faction_H`=12, `unit_flags`=0x300, `BaseAttackTime`=1500, `modelid_1`=3344, `modelid_3`=3344, `NpcFlag`=0x3, `Resistance4`=1 WHERE `entry`=375; 
UPDATE `creature_template` SET `minlevel`=15, `maxlevel`=15, `minhealth`=328, `maxhealth`=328, `faction_A`=12, `faction_H`=12, `unit_flags`=0x200, `modelid_1`=4469, `modelid_3`=4469, `NpcFlag`=0x2, `Resistance4`=257 WHERE `entry`=4959; 
UPDATE `creature_template` SET `speed_run`=0.857142865657806, `minlevel`=5, `maxlevel`=5, `faction_A`=190, `faction_H`=190, `modelid_1`=1060, `modelid_3`=1060, `Resistance4`=1 WHERE `entry`=2442; 
UPDATE `creature_template` SET `minhealth`=42, `maxhealth`=42, `unit_flags`=0x2000000, `modelid_1`=11686, `modelid_3`=11686, `Resistance4`=1 WHERE `entry`=41178; 
UPDATE `creature_template` SET `minlevel`=30, `maxlevel`=30, `minhealth`=1910, `maxhealth`=1910, `faction_A`=12, `faction_H`=12, `unit_flags`=0x8000, `modelid_1`=33968, `modelid_3`=33968, `Resistance4`=1 WHERE `entry`=44564; 
UPDATE `creature_template` SET `minlevel`=85, `maxlevel`=85, `minhealth`=116235, `maxhealth`=116235, `faction_A`=11, `faction_H`=11, `unit_flags`=0x8000, `modelid_1`=3167, `modelid_3`=3167, `NpcFlag`=0x1, `Resistance4`=257 WHERE `entry`=1976; 
UPDATE `creature_template` SET `speed_walk`=1.6, `speed_run`=0.571428596973419, `minlevel`=60, `maxlevel`=60, `minhealth`=3052, `maxhealth`=3052, `unit_flags`=0x2000300, `BaseAttackTime`=4000, `modelid_1`=22769, `modelid_3`=22769, `Resistance4`=1 WHERE `entry`=37543; 
UPDATE `creature_template` SET `minlevel`=5, `maxlevel`=5, `minhealth`=102, `maxhealth`=102, `faction_A`=12, `faction_H`=12, `unit_flags`=0x300, `BaseAttackTime`=1500, `modelid_1`=3343, `modelid_3`=3343, `NpcFlag`=0x3, `Resistance4`=1 WHERE `entry`=911; 
UPDATE `creature_template` SET `minlevel`=5, `maxlevel`=5, `minhealth`=102, `maxhealth`=102, `faction_A`=12, `faction_H`=12, `unit_flags`=0x300, `modelid_1`=3278, `modelid_3`=3278, `NpcFlag`=0x1080, `Resistance4`=1 WHERE `entry`=1213; 
UPDATE `creature_template` SET `minlevel`=20, `maxlevel`=20, `minhealth`=484, `maxhealth`=484, `faction_A`=12, `faction_H`=12, `unit_flags`=0x300, `BaseAttackTime`=1500, `modelid_1`=1859, `modelid_3`=1859, `NpcFlag`=0x3 WHERE `entry`=197; 
UPDATE `creature_template` SET `minlevel`=90, `maxlevel`=90, `minhealth`=265080, `maxhealth`=265080, `faction_A`=11, `faction_H`=11, `modelid_1`=3257, `modelid_3`=3257, `Resistance4`=257 WHERE `entry`=1642; 
UPDATE `creature_template` SET `minlevel`=5, `maxlevel`=5, `minhealth`=102, `maxhealth`=102, `faction_A`=12, `faction_H`=12, `unit_flags`=0x300, `BaseAttackTime`=1500, `modelid_1`=3346, `modelid_3`=3346, `NpcFlag`=0x3, `Resistance4`=1 WHERE `entry`=925; 
UPDATE `creature_template` SET `minlevel`=5, `maxlevel`=5, `minhealth`=102, `maxhealth`=102, `faction_A`=12, `faction_H`=12, `unit_flags`=0x300, `BaseAttackTime`=1500, `modelid_1`=3351, `modelid_3`=3351, `NpcFlag`=0x3, `Resistance4`=1 WHERE `entry`=915; 
UPDATE `creature_template` SET `speed_walk`=1.6, `speed_run`=0.571428596973419, `minlevel`=60, `maxlevel`=60, `minhealth`=3052, `maxhealth`=3052, `unit_flags`=0x2000300, `BaseAttackTime`=4000, `modelid_1`=24719, `modelid_3`=24719, `Resistance4`=1 WHERE `entry`=37574; 
UPDATE `creature_template` SET `speed_run`=1.38571429252625, `minlevel`=87, `maxlevel`=87, `minhealth`=829940, `maxhealth`=829940, `faction_A`=12, `faction_H`=12, `modelid_1`=1688, `modelid_3`=1688, `NpcFlag`=0x2, `Resistance4`=257 WHERE `entry`=466; 
UPDATE `creature_template` SET `speed_run`=1.38571429252625, `minlevel`=80, `maxlevel`=80, `minhealth`=25200, `maxhealth`=25200, `faction_A`=11, `faction_H`=11, `unit_flags`=0x8000, `modelid_1`=32729, `modelid_3`=32729, `Resistance4`=256 WHERE `entry`=42218; 
UPDATE `creature_template` SET `minlevel`=2, `maxlevel`=2, `minhealth`=55, `maxhealth`=55, `faction_A`=12, `faction_H`=12, `unit_flags`=0x300, `modelid_1`=8489, `modelid_3`=8489, `NpcFlag`=0x2, `Resistance4`=1 WHERE `entry`=9296; 
UPDATE `creature_template` SET `minlevel`=3, `maxlevel`=3, `minhealth`=68, `maxhealth`=68, `faction_A`=1, `faction_H`=1, `unit_flags`=0x8, `modelid_1`=4449, `modelid_3`=4449, `Resistance2`=121, `Resistance4`=1, `unit_class`=8 WHERE `entry`=416; 
UPDATE `creature_template` SET `minlevel`=3, `maxlevel`=3, `minhealth`=71, `maxhealth`=71, `faction_A`=12, `faction_H`=12, `unit_flags`=0x200C300, `modelid_1`=25204, `modelid_3`=25204, `Resistance4`=1 WHERE `entry`=50378; 
UPDATE `creature_template` SET `speed_walk`=0.666668, `minhealth`=42, `maxhealth`=42, `faction_A`=12, `faction_H`=12, `unit_flags`=0x100, `modelid_1`=11354, `modelid_3`=11354, `Resistance4`=1 WHERE `entry`=11260; 
UPDATE `creature_template` SET `speed_run`=1, `minlevel`=81, `maxlevel`=81, `minhealth`=37187, `maxhealth`=37187, `unit_flags`=0x2004300, `modelid_1`=32703, `modelid_3`=32703, `Resistance4`=1 WHERE `entry`=42173; 
UPDATE `creature_template` SET `speed_run`=0.857142865657806, `minlevel`=5, `maxlevel`=5, `minhealth`=204, `maxhealth`=204, `faction_A`=14, `faction_H`=14, `modelid_1`=33143, `modelid_3`=33143, `Resistance4`=1 WHERE `entry`=42938; 
UPDATE `creature_template` SET `speed_run`=0.857142865657806, `minhealth`=42, `maxhealth`=42, `faction_A`=1, `faction_H`=1, `unit_flags`=0x8308, `modelid_1`=26452, `modelid_3`=26452, `Resistance4`=1 WHERE `entry`=29726; 
UPDATE `creature_template` SET `speed_run`=0.857142865657806, `minhealth`=42, `maxhealth`=42, `faction_A`=4, `faction_H`=4, `unit_flags`=0x308, `modelid_1`=6299, `modelid_3`=6299, `Resistance4`=1 WHERE `entry`=7555; 
UPDATE `creature_template` SET `minlevel`=62, `maxlevel`=62, `minhealth`=51792, `maxhealth`=51792, `faction_A`=12, `faction_H`=12, `modelid_1`=14733, `modelid_3`=14733, `NpcFlag`=0x3, `Resistance4`=257 WHERE `entry`=14721; 
UPDATE `creature_template` SET `minlevel`=85, `maxlevel`=85, `minhealth`=6141, `maxhealth`=6141, `unit_flags`=0x2000300, `modelid_1`=11686, `modelid_3`=11686, `Resistance4`=1 WHERE `entry`=37490; 
UPDATE `creature_template` SET `minlevel`=85, `maxlevel`=85, `minhealth`=9686250, `maxhealth`=9686250, `faction_A`=14, `faction_H`=14, `unit_flags`=0x8240, `modelid_1`=33618, `modelid_3`=33618, `Resistance4`=1 WHERE `entry`=40728; 
UPDATE `creature_template` SET `speed_walk`=2.8, `speed_run`=1.71428573131561, `minlevel`=45, `maxlevel`=45, `minhealth`=27720, `maxhealth`=27720, `faction_A`=21, `faction_H`=21, `unit_flags`=0x8040, `modelid_1`=24301, `modelid_3`=24301, `Resistance4`=1 WHERE `entry`=45681; 
UPDATE `creature_template` SET `minlevel`=46, `maxlevel`=46, `minhealth`=1919, `maxhealth`=1919, `faction_A`=12, `faction_H`=12, `unit_flags`=0x8200, `modelid_1`=25522, `modelid_3`=25522, `NpcFlag`=0x1, `Resistance4`=257 WHERE `entry`=28571; 
UPDATE `creature_template` SET `speed_run`=0.857142865657806, `minlevel`=8, `maxlevel`=8, `minhealth`=51, `maxhealth`=51, `faction_A`=12, `faction_H`=12, `modelid_1`=4449, `modelid_3`=4449, `Resistance2`=161, `Resistance4`=257, `unit_class`=8 WHERE `entry`=12922; 
UPDATE `creature_template` SET `minlevel`=85, `maxlevel`=85, `minhealth`=6141, `maxhealth`=6141, `unit_flags`=0x2000300, `modelid_1`=11686, `modelid_3`=11686, `Resistance4`=1 WHERE `entry`=24110; 
UPDATE `creature_template` SET `minlevel`=8, `maxlevel`=8, `minhealth`=143, `maxhealth`=143, `faction_A`=12, `faction_H`=12, `unit_flags`=0x300, `modelid_1`=5087, `modelid_3`=5087, `NpcFlag`=0x1, `Resistance2`=161, `Resistance4`=1, `unit_class`=8 WHERE `entry`=6373; 
UPDATE `creature_template` SET `speed_walk`=6, `speed_run`=1.38571429252625, `minlevel`=85, `maxlevel`=85, `minhealth`=116235, `maxhealth`=116235, `faction_A`=11, `faction_H`=11, `unit_flags`=0x8000, `modelid_1`=37311, `modelid_3`=37311, `Resistance4`=257 WHERE `entry`=51348; 
UPDATE `creature_template` SET `minhealth`=42, `maxhealth`=42, `unit_flags`=0x2000300, `modelid_1`=11686, `modelid_3`=11686, `Resistance4`=1 WHERE `entry`=42944; 
UPDATE `creature_template` SET `minlevel`=46, `maxlevel`=46, `minhealth`=1919, `maxhealth`=1919, `faction_A`=55, `faction_H`=55, `unit_flags`=0x8200, `modelid_1`=25523, `modelid_3`=25523, `NpcFlag`=0x1, `Resistance4`=257 WHERE `entry`=28572; 
UPDATE `creature_template` SET `minlevel`=5, `maxlevel`=5, `minhealth`=102, `maxhealth`=102, `faction_A`=12, `faction_H`=12, `unit_flags`=0x300, `modelid_1`=3276, `modelid_3`=3276, `NpcFlag`=0x1080, `Resistance4`=1 WHERE `entry`=190; 
UPDATE `creature_template` SET `minlevel`=81, `maxlevel`=81, `minhealth`=185935, `maxhealth`=185935, `faction_A`=2279, `faction_H`=2279, `unit_flags`=0x22048100, `modelid_1`=32802, `modelid_3`=32802, `DynamicFlags`=0x20, `Resistance2`=6141, `Resistance4`=1, `unit_class`=2 WHERE `entry`=42851; 
UPDATE `creature_template` SET `minlevel`=5, `maxlevel`=5, `minhealth`=102, `maxhealth`=102, `faction_A`=12, `faction_H`=12, `unit_flags`=0x300, `BaseAttackTime`=1500, `modelid_1`=3277, `modelid_3`=3277, `NpcFlag`=0x280, `Resistance4`=1 WHERE `entry`=152; 
UPDATE `creature_template` SET `minlevel`=4, `maxlevel`=4, `minhealth`=140, `maxhealth`=140, `faction_A`=12, `faction_H`=12, `BaseAttackTime`=1000, `modelid_1`=3253, `modelid_3`=3253, `NpcFlag`=0x2, `Resistance2`=90, `Resistance4`=257, `unit_class`=2 WHERE `entry`=951; 
UPDATE `creature_template` SET `minlevel`=3, `maxlevel`=3, `minhealth`=71, `maxhealth`=71, `faction_A`=12, `faction_H`=12, `unit_flags`=0x300, `BaseAttackTime`=1500, `modelid_1`=3251, `modelid_3`=3251, `NpcFlag`=0x2, `Resistance4`=1 WHERE `entry`=196; 
UPDATE `creature_template` SET `minlevel`=6, `maxlevel`=6, `minhealth`=120, `maxhealth`=120, `faction_A`=12, `faction_H`=12, `unit_flags`=0x300, `BaseAttackTime`=1500, `modelid_1`=32728, `modelid_3`=32728, `Resistance4`=1 WHERE `entry`=42216; 
UPDATE `creature_template` SET `minlevel`=18, `maxlevel`=18, `minhealth`=417, `maxhealth`=417, `faction_A`=12, `faction_H`=12, `unit_flags`=0x300, `BaseAttackTime`=1500, `modelid_1`=2072, `modelid_3`=2072, `NpcFlag`=0x2 WHERE `entry`=823; 
UPDATE `creature_template` SET `minlevel`=50, `maxlevel`=50, `minhealth`=2769, `maxhealth`=2769, `faction_A`=12, `faction_H`=12, `unit_flags`=0x300, `BaseAttackTime`=1000, `modelid_1`=3317, `modelid_3`=3317, `NpcFlag`=0x2, `Resistance4`=1 WHERE `entry`=952; 
UPDATE `creature_template` SET `minlevel`=85, `maxlevel`=85, `minhealth`=6141, `maxhealth`=6141, `unit_flags`=0x2000300, `modelid_1`=11686, `modelid_3`=11686, `Resistance4`=1 WHERE `entry`=43359; 
UPDATE `creature_template` SET `minlevel`=52, `maxlevel`=52, `minhealth`=3082, `maxhealth`=3082, `faction_A`=12, `faction_H`=12, `unit_flags`=0x8000, `modelid_1`=17250, `modelid_3`=17250, `NpcFlag`=0x3, `Resistance4`=257 WHERE `entry`=17804; 


DELETE FROM `creature_template_addon` WHERE `entry` IN (68, 50039, 43292, 49874, 43291, 43278, 68, 49874, 49871, 49871, 50047, 42937, 44548, 6774, 721, 49874, 49874, 44548, 49874, 50039, 78, 42937, 42937, 42937, 883, 49869, 49869, 49869, 50039, 49871, 49871, 44548, 49869, 49869, 49869, 49869, 49869, 49869, 49869, 890, 42937, 883, 42937, 68, 49874, 50039, 50039, 49871, 49871, 42937, 49871, 721, 94, 49871, 50047, 44548, 42196, 42196, 32520, 50047, 49871, 42937, 49874, 49874, 49874, 49871, 42937, 49871, 49871, 5403, 49871, 49871, 42937, 49871, 49871, 42937, 49874, 49871, 68, 50047, 50039, 50047, 14394, 721, 50039, 49871, 42937, 32520, 49871, 49874, 49874, 49874, 32520, 32520, 32520, 49871, 28596, 28596, 49874, 28569, 28569, 28569, 42937, 44548, 50047, 42937, 42937, 42940, 6368, 42940, 44548, 42937, 721, 42937, 49874, 49874, 49874, 68, 883, 49874, 49874, 49871, 721, 721, 198, 42937, 49871, 49871, 42937, 721, 6368, 49874, 42937, 721, 68, 42940, 50039, 50039, 50039, 32520, 49871, 49874, 49874, 49874, 50047, 32520, 42940, 49871, 42937, 49874, 49871, 49871, 49871, 49871, 49874, 50047, 49874, 49874, 49874, 49871, 50047, 50039, 40987, 50047, 49871, 459, 49874, 50039, 42937, 49871, 32520, 49874, 32520, 32520, 49871, 49871, 49871, 49871, 32520, 721, 42717, 42940, 32520, 50039, 49871, 49871, 68, 44140, 50039, 49874, 375, 42940, 42717, 44548, 49874, 49874, 4959, 49874, 2442, 32520, 42940, 32520, 32520, 32520, 32520, 42940, 42937, 32520, 32520, 32520, 49874, 32520, 32520, 49874, 721, 49871, 44548, 41178, 49871, 28596, 50039, 50047, 42940, 42940, 32520, 32520, 32520, 32520, 32520, 42937, 32520, 32520, 32520, 721, 32520, 42940, 44564, 44564, 44564, 44564, 44564, 44564, 50047, 49871, 44564, 44564, 49871, 44564, 49871, 42937, 1976, 42937, 44548, 49874, 49874, 37543, 37543, 37543, 37543, 49874, 911, 1213, 197, 1642, 925, 915, 721, 44548, 42937, 68, 37574, 37574, 28569, 37574, 28569, 28569, 49871, 50039, 28569, 68, 28596, 49874, 28596, 28596, 28596, 28569, 49871, 49871, 49871, 49871, 466, 50039, 49871, 49874, 42218, 42218, 42218, 42218, 42218, 42218, 49874, 49874, 49874, 721, 42940, 9296, 42937, 49874, 50039, 42940, 49871, 49871, 49871, 42940, 49871, 49871, 49874, 49871, 721, 41178, 42937, 49871, 416, 49874, 50039, 721, 49871, 49871, 49874, 50039, 50378, 49874, 11260, 11260, 11260, 49871, 32520, 32520, 32520, 32520, 32520, 6368, 721, 32520, 32520, 49874, 49874, 42173, 49874, 49874, 44548, 42938, 49874, 49871, 49871, 49871, 49871, 49871, 49871, 6368, 49871, 29726, 42940, 49874, 7555, 721, 32520, 32520, 32520, 32520, 32520, 32520, 32520, 32520, 50047, 32520, 32520, 49874, 32520, 49874, 49871, 44548, 42940, 37574, 37574, 50039, 49871, 14721, 49871, 49871, 49874, 42940, 49874, 50047, 49871, 49871, 50039, 1976, 37543, 37543, 50039, 32520, 28569, 68, 28569, 2442, 37490, 32520, 32520, 49871, 32520, 49871, 49871, 49871, 28596, 32520, 49871, 49874, 883, 40728, 721, 28596, 44548, 44548, 50047, 45681, 28571, 49874, 49874, 49874, 12922, 49874, 50047, 50047, 42937, 49871, 49871, 44548, 50039, 42937, 49871, 721, 49871, 49871, 49871, 49871, 49871, 721, 50047, 1642, 1642, 1642, 1642, 1642, 1642, 44548, 24110, 6373, 721, 42937, 49874, 51348, 49871, 50047, 50039, 42937, 42944, 7555, 50039, 50039, 49871, 49874, 49874, 49871, 49874, 32520, 32520, 32520, 32520, 49871, 49871, 49871, 50039, 50047, 50047, 49871, 42937, 28569, 28572, 42173, 49871, 49871, 28569, 28569, 50039, 49874, 50039, 28596, 28596, 28596, 49874, 32520, 42937, 37543, 37543, 37543, 49871, 190, 32520, 32520, 32520, 32520, 32520, 50039, 42851, 42851, 68, 42851, 42851, 42851, 42851, 42851, 42851, 49874, 42851, 42851, 42851, 152, 49871, 42851, 42851, 42851, 42851, 42851, 42851, 50047, 37574, 37574, 37574, 37574, 42937, 37574, 50039, 42851, 50039, 42851, 42851, 42851, 37574, 37490, 50039, 32520, 49874, 32520, 951, 49874, 721, 42937, 49871, 44548, 196, 49871, 42940, 49874, 49874, 49874, 721, 44548, 51348, 721, 51348, 51348, 32520, 32520, 32520, 32520, 32520, 883, 32520, 50039, 42216, 42216, 49871, 823, 49874, 42937, 42173, 49871, 49874, 50039, 50039, 50039, 721, 40987, 952, 42940, 49871, 49871, 49874, 49874, 49874, 49871, 49874, 44548, 49874, 49871, 42937, 50047, 42937, 49871, 40728, 42937, 44548, 49871, 721, 49871, 42937, 49871, 49871, 68, 49874, 49874, 49874, 49874, 42937, 50047, 49874, 68, 49874, 6368, 49869, 49869, 49869, 40728, 49869, 49869, 32520, 49874, 49874, 49874, 721, 43359, 44548, 42937, 94, 42717, 49874, 49874, 42937, 49874, 68, 49871, 42940, 49871, 49871, 49871, 49871, 49871, 17804, 49874, 49874, 416, 49874);
REPLACE INTO `creature_template_addon` (`entry`, `mount`, `bytes1`, `b2_0_sheath`, `moveflags`, `auras`) VALUES
(68, 0, 0x0, 0x101, 0x0, ''), 
(50039, 0, 0x0, 0x1, 0x0, ''), 
(43292, 0, 0x1, 0x1, 0x0, ''), 
(49874, 0, 0x0, 0x1, 0x0, ''), 
(43291, 0, 0x3, 0x1, 0x0, ''), 
(43278, 0, 0x0, 0x2, 0x0, ''), 
(68, 0, 0x0, 0x101, 0x0, ''), 
(49874, 0, 0x0, 0x1, 0x0, ''), 
(49871, 0, 0x0, 0x1, 0x0, ''), 
(49871, 0, 0x0, 0x1, 0x0, ''), 
(50047, 0, 0x0, 0x1, 0x1, ''), 
(42937, 0, 0x0, 0x1, 0x0, ''), 
(44548, 0, 0x0, 0x1, 0x600, ''), 
(6774, 0, 0x0, 0x1, 0x0, ''), 
(721, 0, 0x0, 0x1, 0x1, ''), 
(49874, 0, 0x8, 0x1, 0x0, ''), 
(49874, 0, 0x8, 0x1, 0x0, ''), 
(44548, 0, 0x0, 0x1, 0x600, ''), 
(49874, 0, 0x0, 0x1, 0x1, ''), 
(50039, 0, 0x0, 0x1, 0x0, ''), 
(78, 0, 0x0, 0x1, 0x0, ''), 
(42937, 0, 0x0, 0x1, 0x0, ''), 
(42937, 0, 0x0, 0x1, 0x0, ''), 
(42937, 0, 0x0, 0x1, 0x0, ''), 
(883, 0, 0x0, 0x1, 0x0, ''), 
(49869, 0, 0x0, 0x1, 0x0, ''), 
(49869, 0, 0x0, 0x1, 0x0, ''), 
(49869, 0, 0x0, 0x1, 0x0, ''), 
(50039, 0, 0x0, 0x1, 0x1, ''), 
(49871, 0, 0x0, 0x1, 0x0, ''), 
(49871, 0, 0x0, 0x1, 0x0, ''), 
(44548, 0, 0x0, 0x1, 0x600, ''), 
(49869, 0, 0x0, 0x1, 0x0, ''), 
(49869, 0, 0x0, 0x1, 0x0, ''), 
(49869, 0, 0x0, 0x1, 0x0, ''), 
(49869, 0, 0x0, 0x1, 0x0, ''), 
(49869, 0, 0x0, 0x1, 0x0, ''), 
(49869, 0, 0x0, 0x1, 0x0, ''), 
(49869, 0, 0x0, 0x1, 0x0, ''), 
(890, 0, 0x0, 0x1, 0x1, ''), 
(42937, 0, 0x0, 0x1, 0x0, ''), 
(883, 0, 0x0, 0x1, 0x1, ''), 
(42937, 0, 0x0, 0x1, 0x0, ''), 
(68, 0, 0x0, 0x101, 0x0, ''), 
(49874, 0, 0x8, 0x1, 0x0, ''), 
(50039, 0, 0x0, 0x1, 0x0, ''), 
(50039, 0, 0x0, 0x1, 0x0, ''), 
(49871, 0, 0x0, 0x1, 0x0, ''), 
(49871, 0, 0x0, 0x1, 0x0, ''), 
(42937, 0, 0x0, 0x1, 0x0, ''), 
(49871, 0, 0x0, 0x1, 0x0, ''), 
(721, 0, 0x0, 0x1, 0x1, ''), 
(94, 0, 0x0, 0x1, 0x0, ''), 
(49871, 0, 0x0, 0x1, 0x0, ''), 
(50047, 0, 0x7, 0x1, 0x0, ''), 
(44548, 0, 0x0, 0x1, 0x600, ''), 
(42196, 0, 0x0, 0x1, 0x200, ''), 
(42196, 0, 0x0, 0x1, 0x200, ''), 
(32520, 0, 0x0, 0x1, 0x200, ''), 
(50047, 0, 0x7, 0x1, 0x0, ''), 
(49871, 0, 0x0, 0x1, 0x0, ''), 
(42937, 0, 0x0, 0x1, 0x0, ''), 
(49874, 0, 0x0, 0x1, 0x0, ''), 
(49874, 0, 0x8, 0x1, 0x0, ''), 
(49874, 0, 0x8, 0x1, 0x0, ''), 
(49871, 0, 0x0, 0x1, 0x0, ''), 
(42937, 0, 0x0, 0x1, 0x0, ''), 
(49871, 0, 0x0, 0x1, 0x0, ''), 
(49871, 0, 0x0, 0x1, 0x0, ''), 
(5403, 0, 0x0, 0x1, 0x0, ''), 
(49871, 0, 0x0, 0x1, 0x0, ''), 
(49871, 0, 0x0, 0x1, 0x0, ''), 
(42937, 0, 0x0, 0x1, 0x0, ''), 
(49871, 0, 0x0, 0x1, 0x0, ''), 
(49871, 0, 0x0, 0x1, 0x0, ''), 
(42937, 0, 0x0, 0x1, 0x0, ''), 
(49874, 0, 0x0, 0x1, 0x1, ''), 
(49871, 0, 0x0, 0x1, 0x0, ''), 
(68, 0, 0x0, 0x101, 0x0, ''), 
(50047, 0, 0x7, 0x1, 0x0, ''), 
(50039, 0, 0x0, 0x1, 0x1, ''), 
(50047, 0, 0x7, 0x1, 0x0, ''), 
(14394, 0, 0x0, 0x101, 0x0, ''), 
(721, 0, 0x0, 0x1, 0x0, ''), 
(50039, 0, 0x0, 0x1, 0x0, ''), 
(49871, 0, 0x0, 0x1, 0x0, ''), 
(42937, 0, 0x0, 0x1, 0x0, ''), 
(32520, 0, 0x0, 0x1, 0x200, ''), 
(49871, 0, 0x0, 0x1, 0x1, ''), 
(49874, 0, 0x0, 0x1, 0x1, ''), 
(49874, 0, 0x0, 0x1, 0x0, ''), 
(49874, 0, 0x8, 0x1, 0x0, ''), 
(32520, 0, 0x0, 0x1, 0x200, ''), 
(32520, 0, 0x0, 0x1, 0x200, ''), 
(32520, 0, 0x0, 0x1, 0x200, ''), 
(49871, 0, 0x0, 0x1, 0x0, ''), 
(28596, 0, 0x0, 0x101, 0x400, ''), 
(28596, 0, 0x0, 0x101, 0x400, ''), 
(49874, 0, 0x8, 0x1, 0x0, ''), 
(28569, 0, 0x0, 0x101, 0x400, ''), 
(28569, 0, 0x0, 0x101, 0x400, ''), 
(28569, 0, 0x0, 0x101, 0x400, ''), 
(42937, 0, 0x0, 0x1, 0x0, ''), 
(44548, 0, 0x0, 0x1, 0x600, ''), 
(50047, 0, 0x7, 0x1, 0x0, ''), 
(42937, 0, 0x0, 0x1, 0x0, ''), 
(42937, 0, 0x0, 0x1, 0x0, ''), 
(42940, 0, 0x0, 0x1, 0x600, ''), 
(6368, 0, 0x0, 0x1, 0x0, ''), 
(42940, 0, 0x0, 0x1, 0x600, ''), 
(44548, 0, 0x0, 0x1, 0x600, ''), 
(42937, 0, 0x0, 0x1, 0x0, ''), 
(721, 0, 0x0, 0x1, 0x0, ''), 
(42937, 0, 0x0, 0x1, 0x0, ''), 
(49874, 0, 0x0, 0x1, 0x1, ''), 
(49874, 0, 0x8, 0x1, 0x0, ''), 
(49874, 0, 0x8, 0x1, 0x0, ''), 
(68, 0, 0x0, 0x101, 0x0, ''), 
(883, 0, 0x0, 0x1, 0x1, ''), 
(49874, 0, 0x8, 0x1, 0x0, ''), 
(49874, 0, 0x8, 0x1, 0x0, ''), 
(49871, 0, 0x0, 0x1, 0x0, ''), 
(721, 0, 0x0, 0x1, 0x1, ''), 
(721, 0, 0x0, 0x1, 0x0, ''), 
(198, 0, 0x0, 0x1, 0x0, ''), 
(42937, 0, 0x0, 0x1, 0x0, ''), 
(49871, 0, 0x0, 0x1, 0x1, ''), 
(49871, 0, 0x0, 0x1, 0x0, ''), 
(42937, 0, 0x0, 0x1, 0x0, ''), 
(721, 0, 0x0, 0x1, 0x1, ''), 
(6368, 0, 0x0, 0x1, 0x0, ''), 
(49874, 0, 0x8, 0x1, 0x0, ''), 
(42937, 0, 0x0, 0x1, 0x0, ''), 
(721, 0, 0x0, 0x1, 0x1, ''), 
(68, 0, 0x0, 0x101, 0x0, ''), 
(42940, 0, 0x0, 0x1, 0x600, ''), 
(50039, 0, 0x0, 0x1, 0x0, ''), 
(50039, 0, 0x0, 0x1, 0x1, ''), 
(50039, 0, 0x0, 0x1, 0x0, ''), 
(32520, 0, 0x0, 0x1, 0x200, ''), 
(49871, 0, 0x0, 0x1, 0x0, ''), 
(49874, 0, 0x8, 0x1, 0x0, ''), 
(49874, 0, 0x8, 0x1, 0x0, ''), 
(49874, 0, 0x0, 0x1, 0x1, ''), 
(50047, 0, 0x7, 0x1, 0x0, ''), 
(32520, 0, 0x0, 0x1, 0x200, ''), 
(42940, 0, 0x0, 0x1, 0x600, ''), 
(49871, 0, 0x0, 0x1, 0x0, ''), 
(42937, 0, 0x0, 0x1, 0x0, ''), 
(49874, 0, 0x8, 0x1, 0x0, ''), 
(49871, 0, 0x0, 0x1, 0x0, ''), 
(49871, 0, 0x0, 0x1, 0x0, ''), 
(49871, 0, 0x0, 0x1, 0x1, ''), 
(49871, 0, 0x0, 0x1, 0x0, ''), 
(49874, 0, 0x8, 0x1, 0x0, ''), 
(50047, 0, 0x0, 0x1, 0x1, ''), 
(49874, 0, 0x0, 0x1, 0x1, ''), 
(49874, 0, 0x8, 0x1, 0x0, ''), 
(49874, 0, 0x0, 0x1, 0x1, ''), 
(49871, 0, 0x0, 0x1, 0x1, ''), 
(50047, 0, 0x7, 0x1, 0x0, ''), 
(50039, 0, 0x0, 0x1, 0x0, ''), 
(40987, 0, 0x0, 0x1, 0x1, ''), 
(50047, 0, 0x0, 0x1, 0x1, ''), 
(49871, 0, 0x0, 0x1, 0x1, ''), 
(459, 0, 0x0, 0x1, 0x0, ''), 
(49874, 0, 0x0, 0x1, 0x0, ''), 
(50039, 0, 0x0, 0x1, 0x1, ''), 
(42937, 0, 0x0, 0x1, 0x1, ''), 
(49871, 0, 0x0, 0x1, 0x0, ''), 
(32520, 0, 0x0, 0x1, 0x200, ''), 
(49874, 0, 0x8, 0x1, 0x0, ''), 
(32520, 0, 0x0, 0x1, 0x200, ''), 
(32520, 0, 0x0, 0x1, 0x200, ''), 
(49871, 0, 0x0, 0x1, 0x0, ''), 
(49871, 0, 0x0, 0x1, 0x0, ''), 
(49871, 0, 0x0, 0x1, 0x1, ''), 
(49871, 0, 0x0, 0x1, 0x1, ''), 
(32520, 0, 0x0, 0x1, 0x200, ''), 
(721, 0, 0x0, 0x1, 0x1, ''), 
(42717, 0, 0x0, 0x70001, 0x0, ''), 
(42940, 0, 0x0, 0x1, 0x600, ''), 
(32520, 0, 0x0, 0x1, 0x200, ''), 
(50039, 0, 0x0, 0x1, 0x0, ''), 
(49871, 0, 0x0, 0x1, 0x0, ''), 
(49871, 0, 0x0, 0x1, 0x0, ''), 
(68, 0, 0x0, 0x101, 0x0, ''), 
(44140, 0, 0x0, 0x1, 0x600, ''), 
(50039, 0, 0x0, 0x1, 0x1, ''), 
(49874, 0, 0x0, 0x1, 0x1, ''), 
(375, 0, 0x0, 0x1, 0x0, ''), 
(42940, 0, 0x0, 0x1, 0x600, ''), 
(42717, 0, 0x0, 0x70001, 0x1, ''), 
(44548, 0, 0x0, 0x1, 0x600, ''), 
(49874, 0, 0x8, 0x1, 0x0, ''), 
(49874, 0, 0x8, 0x1, 0x0, ''), 
(4959, 0, 0x0, 0x101, 0x0, ''), 
(49874, 0, 0x8, 0x1, 0x0, ''), 
(2442, 0, 0x0, 0x1, 0x0, ''), 
(32520, 0, 0x0, 0x1, 0x200, ''), 
(42940, 0, 0x0, 0x1, 0x600, ''), 
(32520, 0, 0x0, 0x1, 0x200, ''), 
(32520, 0, 0x0, 0x1, 0x200, ''), 
(32520, 0, 0x0, 0x1, 0x200, ''), 
(32520, 0, 0x0, 0x1, 0x200, ''), 
(42940, 0, 0x0, 0x1, 0x600, ''), 
(42937, 0, 0x0, 0x1, 0x0, ''), 
(32520, 0, 0x0, 0x1, 0x200, ''), 
(32520, 0, 0x0, 0x1, 0x200, ''), 
(32520, 0, 0x0, 0x1, 0x200, ''), 
(49874, 0, 0x0, 0x1, 0x0, ''), 
(32520, 0, 0x0, 0x1, 0x200, ''), 
(32520, 0, 0x0, 0x1, 0x200, ''), 
(49874, 0, 0x0, 0x1, 0x1, ''), 
(721, 0, 0x0, 0x1, 0x0, ''), 
(49871, 0, 0x0, 0x1, 0x0, ''), 
(44548, 0, 0x0, 0x1, 0x600, ''), 
(41178, 0, 0x0, 0x1, 0x600, ''), 
(49871, 0, 0x0, 0x1, 0x1, ''), 
(28596, 0, 0x0, 0x101, 0x400, ''), 
(50039, 0, 0x0, 0x1, 0x1, ''), 
(50047, 0, 0x7, 0x1, 0x0, ''), 
(42940, 0, 0x0, 0x1, 0x600, ''), 
(42940, 0, 0x0, 0x1, 0x600, ''), 
(32520, 0, 0x0, 0x1, 0x200, ''), 
(32520, 0, 0x0, 0x1, 0x200, ''), 
(32520, 0, 0x0, 0x1, 0x200, ''), 
(32520, 0, 0x0, 0x1, 0x200, ''), 
(32520, 0, 0x0, 0x1, 0x200, ''), 
(42937, 0, 0x0, 0x1, 0x0, ''), 
(32520, 0, 0x0, 0x1, 0x200, ''), 
(32520, 0, 0x0, 0x1, 0x200, ''), 
(32520, 0, 0x0, 0x1, 0x200, ''), 
(721, 0, 0x0, 0x1, 0x0, ''), 
(32520, 0, 0x0, 0x1, 0x200, ''), 
(42940, 0, 0x0, 0x1, 0x600, ''), 
(44564, 0, 0x8, 0x1, 0x0, ''), 
(44564, 0, 0x8, 0x1, 0x0, ''), 
(44564, 0, 0x8, 0x1, 0x0, ''), 
(44564, 0, 0x8, 0x1, 0x0, ''), 
(44564, 0, 0x8, 0x1, 0x0, ''), 
(44564, 0, 0x8, 0x1, 0x0, ''), 
(50047, 0, 0x7, 0x1, 0x0, ''), 
(49871, 0, 0x0, 0x1, 0x0, ''), 
(44564, 0, 0x8, 0x1, 0x0, ''), 
(44564, 0, 0x8, 0x1, 0x0, ''), 
(49871, 0, 0x0, 0x1, 0x0, ''), 
(44564, 0, 0x8, 0x1, 0x0, ''), 
(49871, 0, 0x0, 0x1, 0x1, ''), 
(42937, 0, 0x0, 0x1, 0x0, ''), 
(1976, 0, 0x0, 0x101, 0x1, ''), 
(42937, 0, 0x0, 0x1, 0x0, ''), 
(44548, 0, 0x0, 0x1, 0x600, ''), 
(49874, 0, 0x8, 0x1, 0x0, ''), 
(49874, 0, 0x0, 0x1, 0x1, ''), 
(37543, 0, 0x0, 0x1, 0x200, ''), 
(37543, 0, 0x0, 0x1, 0x200, ''), 
(37543, 0, 0x0, 0x1, 0x200, ''), 
(37543, 0, 0x0, 0x1, 0x200, ''), 
(49874, 0, 0x0, 0x1, 0x0, ''), 
(911, 0, 0x0, 0x1, 0x0, ''), 
(1213, 0, 0x0, 0x1, 0x0, ''), 
(197, 0, 0x0, 0x0, 0x0, ''), 
(1642, 0, 0x0, 0x101, 0x1, ''), 
(925, 0, 0x0, 0x1, 0x0, ''), 
(915, 0, 0x0, 0x1, 0x0, ''), 
(721, 0, 0x0, 0x1, 0x0, ''), 
(44548, 0, 0x0, 0x1, 0x600, ''), 
(42937, 0, 0x0, 0x1, 0x0, ''), 
(68, 0, 0x0, 0x101, 0x0, ''), 
(37574, 0, 0x0, 0x1, 0x200, ''), 
(37574, 0, 0x0, 0x1, 0x200, ''), 
(28569, 0, 0x0, 0x101, 0x400, ''), 
(37574, 0, 0x0, 0x1, 0x200, ''), 
(28569, 0, 0x0, 0x101, 0x400, ''), 
(28569, 0, 0x0, 0x101, 0x400, ''), 
(49871, 0, 0x0, 0x1, 0x0, ''), 
(50039, 0, 0x0, 0x1, 0x0, ''), 
(28569, 0, 0x0, 0x101, 0x400, ''), 
(68, 0, 0x0, 0x101, 0x1, ''), 
(28596, 0, 0x0, 0x101, 0x400, ''), 
(49874, 0, 0x0, 0x1, 0x0, ''), 
(28596, 0, 0x0, 0x101, 0x400, ''), 
(28596, 0, 0x0, 0x101, 0x400, ''), 
(28596, 0, 0x0, 0x101, 0x400, ''), 
(28569, 0, 0x0, 0x101, 0x400, ''), 
(49871, 0, 0x0, 0x1, 0x0, ''), 
(49871, 0, 0x0, 0x1, 0x0, ''), 
(49871, 0, 0x0, 0x1, 0x0, ''), 
(49871, 0, 0x0, 0x1, 0x0, ''), 
(466, 2410, 0x0, 0x101, 0x0, ''), 
(50039, 0, 0x0, 0x1, 0x0, ''), 
(49871, 0, 0x0, 0x1, 0x1, ''), 
(49874, 0, 0x0, 0x1, 0x0, ''), 
(42218, 28912, 0x0, 0x100, 0x1, ''), 
(42218, 28912, 0x0, 0x100, 0x1, ''), 
(42218, 28912, 0x0, 0x100, 0x1, ''), 
(42218, 28912, 0x0, 0x100, 0x1, ''), 
(42218, 0, 0x0, 0x101, 0x0, ''), 
(42218, 0, 0x0, 0x101, 0x0, ''), 
(49874, 0, 0x0, 0x1, 0x0, ''), 
(49874, 0, 0x0, 0x1, 0x0, ''), 
(49874, 0, 0x0, 0x1, 0x1, ''), 
(721, 0, 0x0, 0x1, 0x0, ''), 
(42940, 0, 0x0, 0x1, 0x600, ''), 
(9296, 0, 0x0, 0x1, 0x0, ''), 
(42937, 0, 0x0, 0x1, 0x0, ''), 
(49874, 0, 0x0, 0x1, 0x1, ''), 
(50039, 0, 0x0, 0x1, 0x1, ''), 
(42940, 0, 0x0, 0x1, 0x600, ''), 
(49871, 0, 0x0, 0x1, 0x1, ''), 
(49871, 0, 0x0, 0x1, 0x0, ''), 
(49871, 0, 0x0, 0x1, 0x0, ''), 
(42940, 0, 0x0, 0x1, 0x600, ''), 
(49871, 0, 0x0, 0x1, 0x0, ''), 
(49871, 0, 0x0, 0x1, 0x1, ''), 
(49874, 0, 0x8, 0x1, 0x0, ''), 
(49871, 0, 0x0, 0x1, 0x1, ''), 
(721, 0, 0x0, 0x1, 0x0, ''), 
(41178, 0, 0x0, 0x1, 0x600, ''), 
(42937, 0, 0x0, 0x1, 0x0, ''), 
(49871, 0, 0x0, 0x1, 0x1, ''), 
(416, 0, 0x0, 0x1, 0x1, ''), 
(49874, 0, 0x8, 0x1, 0x0, ''), 
(50039, 0, 0x0, 0x1, 0x1, ''), 
(721, 0, 0x0, 0x1, 0x1, ''), 
(49871, 0, 0x0, 0x1, 0x0, ''), 
(49871, 0, 0x0, 0x1, 0x0, ''), 
(49874, 0, 0x0, 0x1, 0x0, ''), 
(50039, 0, 0x0, 0x1, 0x0, ''), 
(50378, 0, 0x0, 0x1, 0x600, ''), 
(49874, 0, 0x8, 0x1, 0x0, ''), 
(11260, 0, 0x0, 0x1, 0x0, ''), 
(11260, 0, 0x0, 0x1, 0x0, ''), 
(11260, 0, 0x0, 0x1, 0x0, ''), 
(49871, 0, 0x0, 0x1, 0x0, ''), 
(32520, 0, 0x0, 0x1, 0x200, ''), 
(32520, 0, 0x0, 0x1, 0x200, ''), 
(32520, 0, 0x0, 0x1, 0x200, ''), 
(32520, 0, 0x0, 0x1, 0x200, ''), 
(32520, 0, 0x0, 0x1, 0x200, ''), 
(6368, 0, 0x0, 0x1, 0x0, ''), 
(721, 0, 0x0, 0x1, 0x0, ''), 
(32520, 0, 0x0, 0x1, 0x200, ''), 
(32520, 0, 0x0, 0x1, 0x200, ''), 
(49874, 0, 0x0, 0x1, 0x0, ''), 
(49874, 0, 0x0, 0x1, 0x0, ''), 
(42173, 0, 0x0, 0x1, 0x600, ''), 
(49874, 0, 0x0, 0x1, 0x0, ''), 
(49874, 0, 0x0, 0x1, 0x1, ''), 
(44548, 0, 0x0, 0x1, 0x600, ''), 
(42938, 0, 0x0, 0x1, 0x0, ''), 
(49874, 0, 0x0, 0x1, 0x1, ''), 
(49871, 0, 0x0, 0x1, 0x0, ''), 
(49871, 0, 0x0, 0x1, 0x0, ''), 
(49871, 0, 0x0, 0x1, 0x0, ''), 
(49871, 0, 0x0, 0x1, 0x0, ''), 
(49871, 0, 0x0, 0x1, 0x1, ''), 
(49871, 0, 0x0, 0x1, 0x1, ''), 
(6368, 0, 0x0, 0x1, 0x1, ''), 
(49871, 0, 0x0, 0x1, 0x0, ''), 
(29726, 0, 0x0, 0x1, 0x0, ''), 
(42940, 0, 0x0, 0x1, 0x600, ''), 
(49874, 0, 0x8, 0x1, 0x0, ''), 
(7555, 0, 0x3000000, 0x1, 0x200, ''), 
(721, 0, 0x0, 0x1, 0x0, ''), 
(32520, 0, 0x0, 0x1, 0x200, ''), 
(32520, 0, 0x0, 0x1, 0x200, ''), 
(32520, 0, 0x0, 0x1, 0x200, ''), 
(32520, 0, 0x0, 0x1, 0x200, ''), 
(32520, 0, 0x0, 0x1, 0x200, ''), 
(32520, 0, 0x0, 0x1, 0x200, ''), 
(32520, 0, 0x0, 0x1, 0x200, ''), 
(32520, 0, 0x0, 0x1, 0x200, ''), 
(50047, 0, 0x7, 0x1, 0x0, ''), 
(32520, 0, 0x0, 0x1, 0x200, ''), 
(32520, 0, 0x0, 0x1, 0x200, ''), 
(49874, 0, 0x8, 0x1, 0x0, ''), 
(32520, 0, 0x0, 0x1, 0x200, ''), 
(49874, 0, 0x0, 0x1, 0x0, ''), 
(49871, 0, 0x0, 0x1, 0x0, ''), 
(44548, 0, 0x0, 0x1, 0x600, ''), 
(42940, 0, 0x0, 0x1, 0x600, ''), 
(37574, 0, 0x0, 0x1, 0x200, ''), 
(37574, 0, 0x0, 0x1, 0x200, ''), 
(50039, 0, 0x0, 0x1, 0x1, ''), 
(49871, 0, 0x0, 0x1, 0x0, ''), 
(14721, 0, 0x0, 0x101, 0x0, ''), 
(49871, 0, 0x0, 0x1, 0x0, ''), 
(49871, 0, 0x0, 0x1, 0x0, ''), 
(49874, 0, 0x8, 0x1, 0x0, ''), 
(42940, 0, 0x0, 0x1, 0x600, ''), 
(49874, 0, 0x8, 0x1, 0x0, ''), 
(50047, 0, 0x7, 0x1, 0x0, ''), 
(49871, 0, 0x0, 0x1, 0x0, ''), 
(49871, 0, 0x0, 0x1, 0x0, ''), 
(50039, 0, 0x0, 0x1, 0x1, ''), 
(1976, 0, 0x0, 0x101, 0x1, ''), 
(37543, 0, 0x0, 0x1, 0x200, ''), 
(37543, 0, 0x0, 0x1, 0x200, ''), 
(50039, 0, 0x0, 0x1, 0x0, ''), 
(32520, 0, 0x0, 0x1, 0x200, ''), 
(28569, 0, 0x0, 0x101, 0x0, ''), 
(68, 0, 0x0, 0x101, 0x1, ''), 
(28569, 0, 0x0, 0x101, 0x0, ''), 
(2442, 0, 0x0, 0x1, 0x0, ''), 
(37490, 0, 0x0, 0x1, 0x200, ''), 
(32520, 0, 0x0, 0x1, 0x200, ''), 
(32520, 0, 0x0, 0x1, 0x200, ''), 
(49871, 0, 0x0, 0x1, 0x0, ''), 
(32520, 0, 0x0, 0x1, 0x200, ''), 
(49871, 0, 0x0, 0x1, 0x0, ''), 
(49871, 0, 0x0, 0x1, 0x0, ''), 
(49871, 0, 0x0, 0x1, 0x0, ''), 
(28596, 0, 0x0, 0x101, 0x0, ''), 
(32520, 0, 0x0, 0x1, 0x200, ''), 
(49871, 0, 0x0, 0x1, 0x0, ''), 
(49874, 0, 0x8, 0x1, 0x0, ''), 
(883, 0, 0x0, 0x1, 0x0, ''), 
(40728, 0, 0x0, 0x1, 0x1, ''), 
(721, 0, 0x0, 0x1, 0x1, ''), 
(28596, 0, 0x0, 0x101, 0x0, ''), 
(44548, 0, 0x0, 0x1, 0x600, ''), 
(44548, 0, 0x0, 0x1, 0x600, ''), 
(50047, 0, 0x7, 0x1, 0x0, ''), 
(45681, 0, 0x0, 0x1, 0x1, ''), 
(28571, 0, 0x0, 0x101, 0x0, ''), 
(49874, 0, 0x8, 0x1, 0x0, ''), 
(49874, 0, 0x8, 0x1, 0x0, ''), 
(49874, 0, 0x0, 0x1, 0x1, ''), 
(12922, 0, 0x0, 0x101, 0x0, ''), 
(49874, 0, 0x8, 0x1, 0x0, ''), 
(50047, 0, 0x7, 0x1, 0x0, ''), 
(50047, 0, 0x7, 0x1, 0x0, ''), 
(42937, 0, 0x0, 0x1, 0x0, ''), 
(49871, 0, 0x0, 0x1, 0x0, ''), 
(49871, 0, 0x0, 0x1, 0x0, ''), 
(44548, 0, 0x0, 0x1, 0x600, ''), 
(50039, 0, 0x0, 0x1, 0x1, ''), 
(42937, 0, 0x0, 0x1, 0x0, ''), 
(49871, 0, 0x0, 0x1, 0x0, ''), 
(721, 0, 0x0, 0x1, 0x1, ''), 
(49871, 0, 0x0, 0x1, 0x0, ''), 
(49871, 0, 0x0, 0x1, 0x0, ''), 
(49871, 0, 0x0, 0x1, 0x1, ''), 
(49871, 0, 0x0, 0x1, 0x0, ''), 
(49871, 0, 0x0, 0x1, 0x0, ''), 
(721, 0, 0x0, 0x1, 0x0, ''), 
(50047, 0, 0x7, 0x1, 0x0, ''), 
(1642, 0, 0x0, 0x101, 0x0, ''), 
(1642, 0, 0x0, 0x101, 0x0, ''), 
(1642, 0, 0x0, 0x101, 0x0, ''), 
(1642, 0, 0x0, 0x101, 0x0, ''), 
(1642, 0, 0x0, 0x101, 0x0, ''), 
(1642, 0, 0x0, 0x101, 0x1, ''), 
(44548, 0, 0x0, 0x1, 0x600, ''), 
(24110, 0, 0x0, 0x1, 0x200, ''), 
(6373, 0, 0x0, 0x1, 0x0, ''), 
(721, 0, 0x0, 0x1, 0x1, ''), 
(42937, 0, 0x0, 0x1, 0x0, ''), 
(49874, 0, 0x0, 0x1, 0x1, ''), 
(51348, 27913, 0x3000000, 0x101, 0x800201, ''), 
(49871, 0, 0x0, 0x1, 0x1, ''), 
(50047, 0, 0x7, 0x1, 0x0, ''), 
(50039, 0, 0x0, 0x1, 0x0, ''), 
(42937, 0, 0x0, 0x1, 0x0, ''), 
(42944, 0, 0x0, 0x1, 0x600, ''), 
(7555, 0, 0x3000000, 0x1, 0x200, ''), 
(50039, 0, 0x0, 0x1, 0x0, ''), 
(50039, 0, 0x0, 0x1, 0x0, ''), 
(49871, 0, 0x0, 0x1, 0x0, ''), 
(49874, 0, 0x8, 0x1, 0x0, ''), 
(49874, 0, 0x8, 0x1, 0x0, ''), 
(49871, 0, 0x0, 0x1, 0x1, ''), 
(49874, 0, 0x8, 0x1, 0x0, ''), 
(32520, 0, 0x0, 0x1, 0x200, ''), 
(32520, 0, 0x0, 0x1, 0x200, ''), 
(32520, 0, 0x0, 0x1, 0x200, ''), 
(32520, 0, 0x0, 0x1, 0x200, ''), 
(49871, 0, 0x0, 0x1, 0x0, ''), 
(49871, 0, 0x0, 0x1, 0x0, ''), 
(49871, 0, 0x0, 0x1, 0x0, ''), 
(50039, 0, 0x0, 0x1, 0x1, ''), 
(50047, 0, 0x7, 0x1, 0x0, ''), 
(50047, 0, 0x7, 0x1, 0x0, ''), 
(49871, 0, 0x0, 0x1, 0x1, ''), 
(42937, 0, 0x0, 0x1, 0x0, ''), 
(28569, 0, 0x0, 0x101, 0x0, ''), 
(28572, 0, 0x0, 0x101, 0x0, ''), 
(42173, 0, 0x0, 0x1, 0x600, ''), 
(49871, 0, 0x0, 0x1, 0x0, ''), 
(49871, 0, 0x0, 0x1, 0x0, ''), 
(28569, 0, 0x0, 0x101, 0x0, ''), 
(28569, 0, 0x0, 0x101, 0x0, ''), 
(50039, 0, 0x0, 0x1, 0x0, ''), 
(49874, 0, 0x0, 0x1, 0x1, ''), 
(50039, 0, 0x0, 0x1, 0x1, ''), 
(28596, 0, 0x0, 0x101, 0x0, ''), 
(28596, 0, 0x0, 0x101, 0x0, ''), 
(28596, 0, 0x0, 0x101, 0x0, ''); 
REPLACE INTO `creature_template_addon` (`entry`, `mount`, `bytes1`, `b2_0_sheath`, `moveflags`, `auras`) VALUES
(49874, 0, 0x0, 0x1, 0x0, ''), 
(32520, 0, 0x0, 0x1, 0x200, ''), 
(42937, 0, 0x0, 0x1, 0x0, ''), 
(37543, 0, 0x0, 0x1, 0x200, ''), 
(37543, 0, 0x0, 0x1, 0x200, ''), 
(37543, 0, 0x0, 0x1, 0x200, ''), 
(49871, 0, 0x0, 0x1, 0x0, ''), 
(190, 0, 0x0, 0x1, 0x0, ''), 
(32520, 0, 0x0, 0x1, 0x200, ''), 
(32520, 0, 0x0, 0x1, 0x200, ''), 
(32520, 0, 0x0, 0x1, 0x200, ''), 
(32520, 0, 0x0, 0x1, 0x200, ''), 
(32520, 0, 0x0, 0x1, 0x200, ''), 
(50039, 0, 0x0, 0x1, 0x0, ''), 
(42851, 0, 0x0, 0x1, 0x600, ''), 
(42851, 0, 0x0, 0x1, 0x600, ''), 
(68, 0, 0x0, 0x101, 0x0, ''), 
(42851, 0, 0x0, 0x1, 0x600, ''), 
(42851, 0, 0x0, 0x1, 0x600, ''), 
(42851, 0, 0x0, 0x1, 0x600, ''), 
(42851, 0, 0x0, 0x1, 0x600, ''), 
(42851, 0, 0x0, 0x1, 0x600, ''), 
(42851, 0, 0x0, 0x1, 0x600, ''), 
(49874, 0, 0x8, 0x1, 0x0, ''), 
(42851, 0, 0x0, 0x1, 0x600, ''), 
(42851, 0, 0x0, 0x1, 0x600, ''), 
(42851, 0, 0x0, 0x1, 0x600, ''), 
(152, 0, 0x0, 0x1, 0x0, ''), 
(49871, 0, 0x0, 0x1, 0x1, ''), 
(42851, 0, 0x0, 0x1, 0x600, ''), 
(42851, 0, 0x0, 0x1, 0x600, ''), 
(42851, 0, 0x0, 0x1, 0x600, ''), 
(42851, 0, 0x0, 0x1, 0x600, ''), 
(42851, 0, 0x0, 0x1, 0x600, ''), 
(42851, 0, 0x0, 0x1, 0x600, ''), 
(50047, 0, 0x7, 0x1, 0x0, ''), 
(37574, 0, 0x0, 0x1, 0x200, ''), 
(37574, 0, 0x0, 0x1, 0x200, ''), 
(37574, 0, 0x0, 0x1, 0x200, ''), 
(37574, 0, 0x0, 0x1, 0x200, ''), 
(42937, 0, 0x0, 0x1, 0x0, ''), 
(37574, 0, 0x0, 0x1, 0x200, ''), 
(50039, 0, 0x0, 0x1, 0x0, ''), 
(42851, 0, 0x0, 0x1, 0x600, ''), 
(50039, 0, 0x0, 0x1, 0x1, ''), 
(42851, 0, 0x0, 0x1, 0x600, ''), 
(42851, 0, 0x0, 0x1, 0x600, ''), 
(42851, 0, 0x0, 0x1, 0x600, ''), 
(37574, 0, 0x0, 0x1, 0x200, ''), 
(37490, 0, 0x0, 0x1, 0x200, ''), 
(50039, 0, 0x0, 0x1, 0x0, ''), 
(32520, 0, 0x0, 0x1, 0x200, ''), 
(49874, 0, 0x8, 0x1, 0x0, ''), 
(32520, 0, 0x0, 0x1, 0x200, ''), 
(951, 0, 0x0, 0x101, 0x0, ''), 
(49874, 0, 0x0, 0x1, 0x1, ''), 
(721, 0, 0x0, 0x1, 0x0, ''), 
(42937, 0, 0x0, 0x1, 0x0, ''), 
(49871, 0, 0x0, 0x1, 0x1, ''), 
(44548, 0, 0x0, 0x1, 0x600, ''), 
(196, 0, 0x0, 0x1, 0x0, ''), 
(49871, 0, 0x0, 0x1, 0x0, ''), 
(42940, 0, 0x0, 0x1, 0x600, ''), 
(49874, 0, 0x0, 0x1, 0x1, ''), 
(49874, 0, 0x0, 0x1, 0x0, ''), 
(49874, 0, 0x8, 0x1, 0x0, ''), 
(721, 0, 0x0, 0x1, 0x1, ''), 
(44548, 0, 0x0, 0x1, 0x600, ''), 
(51348, 27913, 0x3000000, 0x101, 0x800201, ''), 
(721, 0, 0x0, 0x1, 0x0, ''), 
(51348, 27913, 0x3000000, 0x101, 0x800201, ''), 
(51348, 27913, 0x3000000, 0x101, 0x800201, ''), 
(32520, 0, 0x0, 0x1, 0x200, ''), 
(32520, 0, 0x0, 0x1, 0x200, ''), 
(32520, 0, 0x0, 0x1, 0x200, ''), 
(32520, 0, 0x0, 0x1, 0x200, ''), 
(32520, 0, 0x0, 0x1, 0x200, ''), 
(883, 0, 0x0, 0x1, 0x0, ''), 
(32520, 0, 0x0, 0x1, 0x200, ''), 
(50039, 0, 0x0, 0x1, 0x0, ''), 
(42216, 0, 0x5, 0x1, 0x0, ''), 
(42216, 0, 0x5, 0x1, 0x0, ''), 
(49871, 0, 0x0, 0x1, 0x0, ''), 
(823, 0, 0x0, 0x0, 0x0, ''), 
(49874, 0, 0x0, 0x1, 0x1, ''), 
(42937, 0, 0x0, 0x1, 0x1, ''), 
(42173, 0, 0x0, 0x1, 0x600, ''), 
(49871, 0, 0x0, 0x1, 0x0, ''), 
(49874, 0, 0x0, 0x1, 0x0, ''), 
(50039, 0, 0x0, 0x1, 0x0, ''), 
(50039, 0, 0x0, 0x1, 0x0, ''), 
(50039, 0, 0x0, 0x1, 0x0, ''), 
(721, 0, 0x0, 0x1, 0x0, ''), 
(40987, 0, 0x0, 0x1, 0x1, ''), 
(952, 0, 0x0, 0x1, 0x0, ''), 
(42940, 0, 0x0, 0x1, 0x600, ''), 
(49871, 0, 0x0, 0x1, 0x1, ''), 
(49871, 0, 0x0, 0x1, 0x0, ''), 
(49874, 0, 0x8, 0x1, 0x0, ''), 
(49874, 0, 0x0, 0x1, 0x0, ''), 
(49874, 0, 0x0, 0x1, 0x1, ''), 
(49871, 0, 0x0, 0x1, 0x1, ''), 
(49874, 0, 0x0, 0x1, 0x1, ''), 
(44548, 0, 0x0, 0x1, 0x600, ''), 
(49874, 0, 0x8, 0x1, 0x0, ''), 
(49871, 0, 0x0, 0x1, 0x0, ''), 
(42937, 0, 0x0, 0x1, 0x0, ''), 
(50047, 0, 0x0, 0x1, 0x1, ''), 
(42937, 0, 0x0, 0x1, 0x0, ''), 
(49871, 0, 0x0, 0x1, 0x0, ''), 
(40728, 0, 0x0, 0x1, 0x1, ''), 
(42937, 0, 0x0, 0x1, 0x1, ''), 
(44548, 0, 0x0, 0x1, 0x600, ''), 
(49871, 0, 0x0, 0x1, 0x0, ''), 
(721, 0, 0x0, 0x1, 0x1, ''), 
(49871, 0, 0x0, 0x1, 0x0, ''), 
(42937, 0, 0x0, 0x1, 0x0, ''), 
(49871, 0, 0x0, 0x1, 0x0, ''), 
(49871, 0, 0x0, 0x1, 0x0, ''), 
(68, 0, 0x0, 0x101, 0x0, ''), 
(49874, 0, 0x0, 0x1, 0x1, ''), 
(49874, 0, 0x8, 0x1, 0x0, ''), 
(49874, 0, 0x8, 0x1, 0x0, ''), 
(49874, 0, 0x0, 0x1, 0x1, ''), 
(42937, 0, 0x0, 0x1, 0x0, ''), 
(50047, 0, 0x7, 0x1, 0x0, ''), 
(49874, 0, 0x0, 0x1, 0x0, ''), 
(68, 0, 0x0, 0x101, 0x0, ''), 
(49874, 0, 0x8, 0x1, 0x0, ''), 
(6368, 0, 0x0, 0x1, 0x1, ''), 
(49869, 0, 0x0, 0x1, 0x0, ''), 
(49869, 0, 0x0, 0x1, 0x0, ''), 
(49869, 0, 0x0, 0x1, 0x0, ''), 
(40728, 0, 0x0, 0x1, 0x1, ''), 
(49869, 0, 0x0, 0x1, 0x0, ''), 
(49869, 0, 0x0, 0x1, 0x0, ''), 
(32520, 0, 0x0, 0x1, 0x200, ''), 
(49874, 0, 0x8, 0x1, 0x0, ''), 
(49874, 0, 0x8, 0x1, 0x0, ''), 
(49874, 0, 0x0, 0x1, 0x1, ''), 
(721, 0, 0x0, 0x1, 0x1, ''), 
(43359, 0, 0x0, 0x1, 0x200, ''), 
(44548, 0, 0x0, 0x1, 0x600, ''), 
(42937, 0, 0x0, 0x1, 0x0, ''), 
(94, 0, 0x0, 0x1, 0x0, ''), 
(42717, 0, 0x0, 0x70001, 0x0, ''), 
(49874, 0, 0x0, 0x1, 0x1, ''), 
(49874, 0, 0x0, 0x1, 0x0, ''), 
(42937, 0, 0x0, 0x1, 0x0, ''), 
(49874, 0, 0x8, 0x1, 0x0, ''), 
(68, 0, 0x0, 0x101, 0x0, ''), 
(49871, 0, 0x0, 0x1, 0x0, ''), 
(42940, 0, 0x0, 0x1, 0x600, ''), 
(49871, 0, 0x0, 0x1, 0x0, ''), 
(49871, 0, 0x0, 0x1, 0x1, ''), 
(49871, 0, 0x0, 0x1, 0x0, ''), 
(49871, 0, 0x0, 0x1, 0x0, ''), 
(49871, 0, 0x0, 0x1, 0x0, ''), 
(17804, 0, 0x0, 0x101, 0x0, ''), 
(49874, 0, 0x0, 0x1, 0x1, ''), 
(49874, 0, 0x0, 0x1, 0x1, ''), 
(416, 0, 0x0, 0x1, 0x0, ''), 
(49874, 0, 0x8, 0x1, 0x0, ''); 


DELETE FROM `creature_model_info` WHERE `modelid` IN (328, 347, 447, 654, 903, 1060, 1137, 1688, 1859, 2072, 2410, 3019, 3167, 3251, 3253, 3257, 3275, 3276, 3277, 3278, 3317, 3343, 3344, 3345, 3346, 3351, 4449, 4469, 4626, 5001, 5087, 5446, 5526, 5556, 5585, 5586, 6299, 8489, 11354, 11686, 14431, 14733, 17250, 20024, 21342, 22769, 24301, 24719, 25204, 25519, 25520, 25522, 25523, 25544, 26452, 32703, 32728, 32729, 32802, 33142, 33143, 33144, 33145, 33146, 33163, 33164, 33304, 33618, 33967, 33968, 33969, 33970, 36652, 36653, 36654, 36655, 36690, 36691, 36692, 37310, 37311, 40147);
INSERT INTO `creature_model_info` (`modelid`, `bounding_radius`, `combat_reach`, `gender`) VALUES
(328, 0.235, 1, 2),
(347, 1, 1.25, 2),
(447, 1.05, 0.875, 2),
(654, 0.6, 0.75, 2),
(903, 1.065254, 0.8877119, 2),
(1060, 0.893, 1.5, 2),
(1137, 5.2625, 5, 0),
(1688, 0.3519, 1.725, 0),
(1859, 0.306, 1.5, 0),
(2072, 0.306, 1.5, 0),
(2410, 1.45, 1.5, 2),
(3019, 0.3, 1, 2),
(3167, 0.306, 1.5, 0),
(3251, 0.306, 1.5, 0),
(3253, 0.306, 1.5, 0),
(3257, 0.208, 1.5, 1),
(3275, 0.306, 1.5, 0),
(3276, 0.306, 1.5, 0),
(3277, 0.306, 1.5, 0),
(3278, 0.306, 1.5, 0),
(3317, 0.306, 1.5, 0),
(3343, 0.306, 1.5, 0),
(3344, 0.208, 1.5, 1),
(3345, 0.208, 1.5, 1),
(3346, 0.306, 1.5, 0),
(3351, 0.306, 1.5, 0),
(4449, 0.5, 0.75, 0),
(4469, 0.306, 1.5, 0),
(4626, 0.235, 1, 2),
(5001, 0.306, 1.5, 0),
(5087, 0.306, 1.5, 0),
(5446, 0.208, 1.5, 1),
(5526, 0.306, 1.5, 0),
(5556, 0.25, 0.5, 2),
(5585, 0.25, 0.5, 2),
(5586, 0.25, 0.5, 2),
(6299, 0.0875, 0.375, 2),
(8489, 0.208, 1.5, 1),
(11354, 0.306, 1.5, 0),
(11686, 0.5, 1, 2),
(14431, 0.3366, 1.65, 0),
(14733, 0.3366, 1.65, 0),
(17250, 0.306, 1.5, 0),
(20024, 1.25, 2.5, 2),
(21342, 0.5, 1, 0),
(22769, 0.175, 0.35, 2),
(24301, 0.62, 9, 0),
(24719, 0.075, 0.15, 2),
(25204, 0.5, 1, 0),
(25519, 0.306, 1.5, 0),
(25520, 0.347, 1.5, 0),
(25522, 0.306, 1.5, 0),
(25523, 0.347, 1.5, 1),
(25544, 0.208, 1.5, 1),
(26452, 0.31, 1, 0),
(32703, 6.045, 48.75, 2),
(32728, 0.208, 1.5, 1),
(32729, 0.306, 1.5, 0),
(32802, 1.55, 10, 2),
(33142, 0.372, 1.5, 0),
(33143, 0.4464, 1.8, 0),
(33144, 0.372, 1.5, 0),
(33145, 0.236, 1.5, 1),
(33146, 0.236, 1.5, 1),
(33163, 0.306, 1.5, 0),
(33164, 0.208, 1.5, 1),
(33304, 0.208, 1.5, 1),
(33618, 40, 52, 2),
(33967, 0.306, 1.5, 0),
(33968, 0.306, 1.5, 0),
(33969, 0.306, 1.5, 0),
(33970, 0.208, 1.5, 1),
(36652, 0.372, 1.5, 0),
(36653, 0.372, 1.5, 0),
(36654, 0.236, 1.5, 1),
(36655, 0.236, 1.5, 1),
(36690, 0.306, 1.5, 0),
(36691, 0.306, 1.5, 0),
(36692, 0.306, 1.5, 1),
(37310, 0.306, 1.5, 0),
(37311, 0.208, 1.5, 1),
(40147, 0.7, 0, 0);



INSERT INTO `creature` (`id`, `map`, `spawnMask`, `phaseMask`, `modelid`, `position_x`, `position_y`, `position_z`, `orientation`, `curhealth`, `spawntimesecs`, `spawndist`, `MovementType`) VALUES
(68, 0, 1, 1, 3167, -9062.076, 420.0556, 92.12378, 2.251475, 116235, 120, 0, 0), 
(50039, 0, 1, 1, 36692, -8782.991, -144.0347, 82.06932, 1.61059, 71, 120, 0, 0), 
(43292, 0, 1, 1, 447, -8923.46, -150.036, 81.40854, 2.007129, 42, 120, 0, 0), 
(49874, 0, 1, 1, 36654, -8930.392, -68.13641, 90.04467, 1.871594, 55, 120, 0, 0), 
(43291, 0, 1, 1, 447, -8924.74, -151.035, 81.39594, 2.548181, 42, 120, 0, 0), 
(43278, 0, 1, 1, 33304, -8924.651, -149.9028, 81.4464, 2.391101, 102, 120, 0, 0), 
(68, 0, 1, 1, 3167, -8995.618, 499.6493, 96.87558, 5.375614, 116235, 120, 0, 0), 
(49874, 0, 1, 1, 36655, -8896.649, -53.30966, 87.43598, 1.49496, 55, 120, 0, 0), 
(49871, 0, 1, 1, 40147, -8909.534, -82.32395, 86.84412, 4.461058, 42, 120, 0, 0), 
(49871, 0, 1, 1, 40147, -8979.008, -187.645, 76.09791, 5.861732, 42, 120, 0, 0), 
(50047, 0, 1, 1, 32729, -8865.482, -141.7565, 80.63523, 2.692825, 71, 120, 0, 0), 
(42937, 0, 1, 1, 33142, -9029.105, -372.2852, 75.71194, 1.228461, 71, 120, 0, 0), 
(44548, 0, 1, 1, 3019, -8972.83, -156.905, 81.58563, 0.5934119, 142, 120, 0, 0), 
(6774, 0, 1, 1, 5526, -9044.558, -45.98166, 88.41925, 3.089233, 198, 120, 0, 0), 
(721, 0, 1, 1, 4626, -8749.103, -18.03905, 92.44088, 0.5169653, 1, 120, 0, 0), 
(49874, 0, 1, 1, 36652, -8841.066, -35.60417, 88.16332, 3.874631, 55, 120, 0, 0), 
(49874, 0, 1, 1, 36653, -8859.493, -68.71528, 85.61824, 4.537856, 55, 120, 0, 0), 
(44548, 0, 1, 1, 3019, -8974.19, -152.851, 81.58563, 0, 142, 120, 0, 0), 
(49874, 0, 1, 1, 36655, -8966.782, -59.33203, 92.02731, 1.189679, 42, 120, 0, 0), 
(50039, 0, 1, 1, 36690, -8771.62, -215.7601, 85.16996, 4.416337, 71, 120, 0, 0), 
(78, 0, 1, 1, 3275, -8909.458, -104.1632, 82.03144, 4.39823, 102, 120, 0, 0), 
(42937, 0, 1, 1, 33144, -8997.005, -338.0313, 74.46385, 0, 86, 120, 0, 0), 
(42937, 0, 1, 1, 33142, -9055.769, -327.878, 73.57673, 1.993379, 86, 120, 0, 0), 
(42937, 0, 1, 1, 33145, -9087.229, -404.1687, 74.07537, 3.10582, 86, 120, 0, 0), 
(883, 0, 1, 1, 347, -8670.17, -193.4293, 92.12026, 6.190302, 1, 120, 0, 0), 
(49869, 0, 1, 1, 32729, -8857.653, -134.8448, 81.3168, 0.8552113, 55, 120, 0, 0), 
(49869, 0, 1, 1, 32729, -8837.512, -145.7279, 81.17081, 0.9922937, 71, 120, 0, 0), 
(49869, 0, 1, 1, 32729, -8971.064, -77.52239, 88.5487, 1.296928, 71, 120, 0, 0), 
(50039, 0, 1, 1, 36692, -8773.151, -152.9025, 81.3896, 0.6634103, 71, 120, 0, 0), 
(49871, 0, 1, 1, 40147, -8953.25, -86.14604, 87.99479, 3.82413, 42, 120, 0, 0), 
(49871, 0, 1, 1, 40147, -8971.531, -213.3862, 74.64573, 0.5621548, 42, 120, 0, 0), 
(44548, 0, 1, 1, 3019, -8965.3, -159.438, 81.58563, 1.902409, 142, 120, 0, 0), 
(49869, 0, 1, 1, 32729, -8982.59, -75.15625, 87.77116, 5.38423, 55, 120, 0, 0), 
(49869, 0, 1, 1, 32729, -8807.429, -163.3021, 81.71433, 6.003932, 71, 120, 0, 0), 
(49869, 0, 1, 1, 32729, -8982.998, -53.60764, 91.49487, 0.1764501, 71, 120, 0, 0), 
(49869, 0, 1, 1, 32729, -8997.072, -136.2807, 83.77861, 4.584421, 71, 120, 0, 0), 
(49869, 0, 1, 1, 32729, -9015.721, -117.1878, 87.58654, 5.723344, 71, 120, 0, 0), 
(49869, 0, 1, 1, 32729, -8908.351, -83.07813, 86.67029, 1.518436, 55, 120, 0, 0), 
(49869, 0, 1, 1, 32729, -8958.344, -225.5833, 77.78613, 4.153883, 71, 120, 0, 0), 
(890, 0, 1, 1, 654, -8888.602, 7.280103, 97.34101, 1.946949, 8, 120, 0, 0), 
(42937, 0, 1, 1, 33145, -8975.618, -355.0474, 73.95174, 2.877193, 71, 120, 0, 0), 
(883, 0, 1, 1, 347, -8885.051, 9.530748, 95.77312, 3.075154, 1, 120, 0, 0), 
(42937, 0, 1, 1, 33146, -9118.336, -262.4959, 74.44649, 2.832075, 71, 120, 0, 0), 
(68, 0, 1, 1, 5446, -8950.656, 537.4163, 96.53938, 4.118977, 116235, 120, 0, 0), 
(49874, 0, 1, 1, 36654, -8859.493, -68.71528, 85.61824, 4.537856, 55, 120, 0, 0), 
(50039, 0, 1, 1, 36691, -8769.388, -214.6141, 85.40531, 6.201311, 71, 120, 0, 0), 
(50039, 0, 1, 1, 36690, -8787.666, -263.6224, 81.87972, 4.416177, 71, 120, 0, 0), 
(49871, 0, 1, 1, 40147, -9029.571, -180.5243, 76.41692, 3.270622, 42, 120, 0, 0), 
(49871, 0, 1, 1, 40147, -8833.254, -66.82861, 86.50306, 5.969026, 42, 120, 0, 0), 
(42937, 0, 1, 1, 33142, -9059.991, -294.0863, 73.49223, 3.577809, 71, 120, 0, 0), 
(49871, 0, 1, 1, 40147, -8880.977, -282.7465, 79.77126, 3.368485, 42, 120, 0, 0), 
(721, 0, 1, 1, 4626, -8966.146, -161.7509, 81.54672, 1.570796, 1, 120, 0, 0), 
(94, 0, 1, 1, 33164, -9123.424, 14.5639, 84.35857, 4.25486, 102, 120, 0, 0), 
(49871, 0, 1, 1, 40147, -8816.959, -81.32671, 86.31609, 2.129302, 42, 120, 0, 0), 
(50047, 0, 1, 1, 32729, -8714.526, -112.7083, 88.02392, 3.560472, 71, 120, 0, 0), 
(44548, 0, 1, 1, 3019, -8973.03, -149.036, 81.58584, 5.67232, 142, 120, 0, 0), 
(42196, 0, 1, 1, 20024, -6423.21, 6884, -786.6007, 0, 6141, 120, 0, 0), 
(42196, 0, 1, 1, 20024, -6422.48, 6884.6, -870.8707, 0, 6141, 120, 0, 0), 
(32520, 0, 1, 1, 21342, -4461.703, 3807.523, -82.83333, 0, 4979, 120, 0, 0), 
(50047, 0, 1, 1, 32729, -8730.629, -136.5556, 87.07617, 2.443461, 71, 120, 0, 0), 
(49871, 0, 1, 1, 40147, -8799.295, -85.8097, 85.97477, 2.779842, 42, 120, 0, 0), 
(42937, 0, 1, 1, 33146, -9121.875, -307.291, 73.50955, 3.409269, 86, 120, 0, 0), 
(49874, 0, 1, 1, 36654, -8777.845, -80.80103, 89.03751, 0.03596067, 55, 120, 0, 0), 
(49874, 0, 1, 1, 36653, -8859.493, -68.71528, 85.61824, 4.537856, 42, 120, 0, 0), 
(49874, 0, 1, 1, 36655, -8839.67, -119.2448, 80.52837, 3.403392, 42, 120, 0, 0), 
(49871, 0, 1, 1, 40147, -8838.26, -134.8589, 81.45401, 1.981867, 42, 120, 0, 0), 
(42937, 0, 1, 1, 33145, -9053.909, -263.984, 74.27421, 0.4505995, 71, 120, 0, 0), 
(49871, 0, 1, 1, 40147, -8816.63, -96.30409, 84.42262, 4.08407, 42, 120, 0, 0), 
(49871, 0, 1, 1, 40147, -8882.385, -50.37885, 86.64436, 5.096361, 42, 120, 0, 0), 
(5403, 0, 1, 1, 2410, -8933.854, -166.9297, 81.03172, 0, 42, 120, 0, 0), 
(49871, 0, 1, 1, 40147, -8912.952, -288.6119, 77.12804, 5.157381, 42, 120, 0, 0), 
(49871, 0, 1, 1, 40147, -8855.44, -132.4789, 81.34762, 0.6096293, 42, 120, 0, 0), 
(42937, 0, 1, 1, 33142, -9077.831, -293.3209, 73.48563, 2.963673, 86, 120, 0, 0), 
(49871, 0, 1, 1, 40147, -8997.482, -139.4683, 83.36467, 5.960258, 42, 120, 0, 0), 
(49871, 0, 1, 1, 40147, -8833.215, -100.4105, 84.46063, 4.29351, 42, 120, 0, 0), 
(42937, 0, 1, 1, 33144, -8975.502, -331.2271, 72.45719, 1.821673, 71, 120, 0, 0), 
(49874, 0, 1, 1, 36655, -8966.209, -59.78994, 92.01926, 6.241215, 42, 120, 0, 0), 
(49871, 0, 1, 1, 40147, -9011.381, -196.2783, 75.20037, 1.978448, 42, 120, 0, 0), 
(68, 0, 1, 1, 3167, -9078.393, 440.9549, 92.35571, 5.375614, 116235, 120, 0, 0), 
(50047, 0, 1, 1, 32729, -8730.629, -136.5556, 87.07617, 2.443461, 71, 120, 0, 0), 
(50039, 0, 1, 1, 36690, -8782.265, -183.6767, 82.37732, 4.1684, 71, 120, 0, 0), 
(50047, 0, 1, 1, 32729, -8737.545, -118.224, 85.94576, 2.932153, 71, 120, 0, 0), 
(14394, 0, 1, 1, 14431, -8986.328, 555.9504, 93.94296, 5.916666, 39072, 120, 0, 0), 
(721, 0, 1, 1, 4626, -8673.608, -192.3318, 91.84634, 6.215528, 1, 120, 0, 0), 
(50039, 0, 1, 1, 36691, -8767.29, -216.3142, 85.5328, 4.363323, 71, 120, 0, 0), 
(49871, 0, 1, 1, 40147, -8873.592, -122.2912, 81.27375, 3.847448, 42, 120, 0, 0), 
(42937, 0, 1, 1, 33146, -9141.897, -327.7344, 73.04382, 4.226799, 86, 120, 0, 0), 
(32520, 0, 1, 1, 21342, -6014.71, 5479.63, -1208.007, 0, 4979, 120, 0, 0), 
(49871, 0, 1, 1, 40147, -8818.292, -49.94281, 90.1291, 3.845342, 42, 120, 0, 0), 
(49874, 0, 1, 1, 36652, -8869.877, -93.99194, 82.51713, 2.502615, 42, 120, 0, 0), 
(49874, 0, 1, 1, 36652, -8790.717, -87.09549, 87.37183, 4.258604, 55, 120, 0, 0), 
(49874, 0, 1, 1, 36652, -8977.66, -39.2257, 91.48196, 4.764749, 42, 120, 0, 0), 
(32520, 0, 1, 1, 21342, -5691.65, 5556.92, -1154.687, 0, 4979, 120, 0, 0), 
(32520, 0, 1, 1, 21342, -6305.162, 5582.533, -1172.063, 0, 4979, 120, 0, 0), 
(32520, 0, 1, 1, 21342, -6148.39, 5539.97, -1207.787, 0, 4979, 120, 0, 0), 
(49871, 0, 1, 1, 40147, -8814.364, -116.0847, 81.68963, 3.455752, 42, 120, 0, 0), 
(28596, 0, 1, 1, 25520, -8873.217, 513.2656, 138.9874, 2.024582, 1006, 120, 0, 0), 
(28596, 0, 1, 1, 25520, -8889.946, 511.0451, 118.5446, 1.27409, 1110, 120, 0, 0), 
(49874, 0, 1, 1, 36653, -8790.717, -87.09549, 87.37183, 4.258604, 55, 120, 0, 0), 
(28569, 0, 1, 1, 25519, -8949.451, 587.7726, 127.7852, 6.143559, 1057, 120, 0, 0), 
(28569, 0, 1, 1, 25519, -8892.596, 512.191, 125.6909, 1.029744, 1163, 120, 0, 0), 
(28569, 0, 1, 1, 25519, -8900.507, 520.5313, 116.6094, 0.6283185, 1163, 120, 0, 0), 
(42937, 0, 1, 1, 33144, -8993.768, -394.1307, 73.36417, 2.481153, 86, 120, 0, 0), 
(44548, 0, 1, 1, 3019, -8973.03, -149.036, 81.58584, 5.67232, 142, 120, 0, 0), 
(50047, 0, 1, 1, 32729, -8739.458, -175.0295, 85.6218, 2.042035, 55, 120, 0, 0), 
(42937, 0, 1, 1, 33145, -9075.066, -373.3012, 73.50469, 3.641384, 86, 120, 0, 0), 
(42937, 0, 1, 1, 33145, -9036.088, -312.3613, 73.80866, 1.959032, 71, 120, 0, 0), 
(42940, 0, 1, 1, 11686, -9047.776, -308.2274, 73.73708, 0, 42, 120, 0, 0), 
(6368, 0, 1, 1, 5556, -9161.807, -5.636344, 79.63446, 4.259806, 1, 120, 0, 0), 
(42940, 0, 1, 1, 11686, -9030.243, -349.7083, 75.56183, 0, 42, 120, 0, 0), 
(44548, 0, 1, 1, 3019, -8972.83, -156.905, 81.58563, 0.5934119, 142, 120, 0, 0), 
(42937, 0, 1, 1, 33146, -9042.533, -350.2344, 73.6258, 0.9858413, 86, 120, 0, 0), 
(721, 0, 1, 1, 4626, -8753.369, -215.8486, 87.08779, 5.920783, 1, 120, 0, 0), 
(42937, 0, 1, 1, 33146, -8975.198, -332.4167, 72.66959, 5.032678, 71, 120, 0, 0), 
(49874, 0, 1, 1, 36655, -8783.83, -78.6833, 89.67586, 6.218084, 42, 120, 0, 0), 
(49874, 0, 1, 1, 36655, -8831.761, -76.1684, 85.89663, 3.839724, 42, 120, 0, 0), 
(49874, 0, 1, 1, 36653, -8816.063, -106.0747, 83.22488, 4.537856, 42, 120, 0, 0), 
(68, 0, 1, 1, 3167, -9018.317, 481.7396, 96.7007, 5.427974, 116235, 120, 0, 0), 
(883, 0, 1, 1, 347, -8823.912, -19.54839, 89.56932, 5.880633, 1, 120, 0, 0), 
(49874, 0, 1, 1, 36652, -8794.677, -45.37153, 95.19736, 3.892084, 55, 120, 0, 0), 
(49874, 0, 1, 1, 36654, -8816.063, -106.0747, 83.22488, 4.537856, 42, 120, 0, 0), 
(49871, 0, 1, 1, 40147, -8942.06, -269.0967, 76.32369, 5.201519, 42, 120, 0, 0), 
(721, 0, 1, 1, 4626, -8814.007, 1.898085, 91.58686, 0.7358969, 1, 120, 0, 0), 
(721, 0, 1, 1, 4626, -8728.627, -62.41116, 91.08064, 4.377157, 1, 120, 0, 0), 
(198, 0, 1, 1, 5001, -8851.57, -188.234, 89.4958, 2.9147, 102, 120, 0, 0), 
(42937, 0, 1, 1, 33145, -9090.483, -326.0807, 73.47158, 0.1635817, 71, 120, 0, 0), 
(49871, 0, 1, 1, 40147, -8867.408, -102.4765, 81.65411, 0.03066361, 42, 120, 0, 0), 
(49871, 0, 1, 1, 40147, -9015.877, -118.1654, 87.30444, 1.412302, 42, 120, 0, 0), 
(42937, 0, 1, 1, 33142, -8988.032, -414.3674, 74.69218, 6.272122, 86, 120, 0, 0), 
(721, 0, 1, 1, 328, -8962.016, -193.9119, 77.0117, 3.553719, 1, 120, 0, 0), 
(6368, 0, 1, 1, 5556, -9160.689, 8.891897, 78.79031, 5.554485, 1, 120, 0, 0), 
(49874, 0, 1, 1, 36655, -8841.066, -35.60417, 88.16332, 3.874631, 42, 120, 0, 0), 
(42937, 0, 1, 1, 33146, -9082.07, -309.7243, 73.47158, 5.718857, 71, 120, 0, 0), 
(721, 0, 1, 1, 4626, -8884.517, -302.4656, 75.70647, 5.882076, 1, 120, 0, 0), 
(68, 0, 1, 1, 3167, -9006.429, 467.5504, 96.75775, 2.268928, 116235, 120, 0, 0), 
(42940, 0, 1, 1, 11686, -9043.076, -303.3889, 74.22589, 0, 42, 120, 0, 0), 
(50039, 0, 1, 1, 36691, -8828.405, -211.936, 84.11607, 5.210017, 71, 120, 0, 0), 
(50039, 0, 1, 1, 36691, -8744.048, -138.3049, 84.45787, 3.56418, 71, 120, 0, 0), 
(50039, 0, 1, 1, 36690, -8755.224, -159.7194, 84.00179, 4.256945, 71, 120, 0, 0), 
(32520, 0, 1, 1, 21342, -4605.043, 3983.192, -70.56809, 3.543018, 4979, 120, 0, 0), 
(49871, 0, 1, 1, 40147, -8845.791, -54.55796, 85.76846, 0.3316126, 42, 120, 0, 0), 
(49874, 0, 1, 1, 36654, -8845.082, -78.06424, 84.71439, 4.34587, 55, 120, 0, 0), 
(49874, 0, 1, 1, 36653, -8816.063, -106.0747, 83.22488, 4.537856, 55, 120, 0, 0), 
(49874, 0, 1, 1, 36655, -8912.013, -40.95201, 89.51453, 0.7251658, 55, 120, 0, 0), 
(50047, 0, 1, 1, 32729, -8768.444, -167.7708, 82.99123, 2.635447, 71, 120, 0, 0), 
(32520, 0, 1, 1, 21342, -7167.887, 2399.689, 0.2182883, 0, 4979, 120, 0, 0), 
(42940, 0, 1, 1, 11686, -9064.435, -278.8385, 75.19646, 0, 42, 120, 0, 0), 
(49871, 0, 1, 1, 40147, -8814.364, -116.0847, 81.68963, 3.455752, 42, 120, 0, 0), 
(42937, 0, 1, 1, 33146, -9122.275, -378.6618, 73.73238, 1.596848, 71, 120, 0, 0), 
(49874, 0, 1, 1, 36655, -8977.66, -39.2257, 91.48196, 4.764749, 55, 120, 0, 0), 
(49871, 0, 1, 1, 40147, -8819.632, -140.2205, 81.20544, 4.29351, 42, 120, 0, 0), 
(49871, 0, 1, 1, 40147, -8857.112, -106.4675, 80.85909, 5.986479, 42, 120, 0, 0), 
(49871, 0, 1, 1, 40147, -8860.974, -88.32676, 82.41946, 0.9408489, 42, 120, 0, 0), 
(49871, 0, 1, 1, 40147, -8833.215, -100.4105, 84.46063, 4.29351, 42, 120, 0, 0), 
(49874, 0, 1, 1, 36653, -8897.179, -53.33507, 87.45364, 4.625123, 42, 120, 0, 0), 
(50047, 0, 1, 1, 32729, -8843.261, -151.8647, 80.57996, 2.740969, 71, 120, 0, 0), 
(49874, 0, 1, 1, 36654, -8869.429, -94.32465, 82.47372, 2.502615, 42, 120, 0, 0), 
(49874, 0, 1, 1, 36652, -8827.63, -39.14063, 89.54292, 4.29351, 42, 120, 0, 0), 
(49874, 0, 1, 1, 36654, -8783.683, -78.69289, 89.66905, 6.218084, 42, 120, 0, 0), 
(49871, 0, 1, 1, 40147, -8989.158, -248.1413, 72.86093, 3.575503, 42, 120, 0, 0), 
(50047, 0, 1, 1, 32729, -8786.111, -262.533, 81.96307, 2.007129, 55, 120, 0, 0), 
(50039, 0, 1, 1, 36690, -8803.229, -212.3681, 83.21445, 4.661047, 71, 120, 0, 0), 
(40987, 0, 1, 1, 1137, -4814.331, 3629.531, -121.0427, 3.566549, 268074, 120, 0, 0), 
(50047, 0, 1, 1, 32729, -8859.973, -144.4098, 80.81581, 2.692825, 71, 120, 0, 0), 
(49871, 0, 1, 1, 40147, -8891.14, -67.27378, 85.69362, 0.02733694, 42, 120, 0, 0), 
(459, 0, 1, 1, 3345, -8926.743, -195.5889, 80.77145, 2.792527, 102, 120, 0, 0), 
(49874, 0, 1, 1, 36652, -8839.717, -64.77534, 85.50806, 2.180405, 55, 120, 0, 0), 
(50039, 0, 1, 1, 36690, -8775.728, -180.4236, 82.49216, 2.84895, 71, 120, 0, 0), 
(42937, 0, 1, 1, 33142, -9133.668, -356.1992, 73.16595, 5.907133, 71, 120, 0, 0), 
(49871, 0, 1, 1, 40147, -8869.44, -118.7521, 80.923, 5.096361, 42, 120, 0, 0), 
(32520, 0, 1, 1, 21342, -6014.71, 5479.63, -1208.007, 0, 4979, 120, 0, 0), 
(49874, 0, 1, 1, 36655, -8897.179, -53.33507, 87.45364, 4.625123, 55, 120, 0, 0), 
(32520, 0, 1, 1, 21342, -6148.39, 5539.97, -1207.787, 0, 4979, 120, 0, 0), 
(32520, 0, 1, 1, 21342, -6305.162, 5582.533, -1172.063, 0, 4979, 120, 0, 0), 
(49871, 0, 1, 1, 40147, -8918.75, -68.75, 88.41061, 4.73554, 42, 120, 0, 0), 
(49871, 0, 1, 1, 40147, -8946.088, -45.74121, 91.53151, 5.496703, 42, 120, 0, 0), 
(49871, 0, 1, 1, 40147, -8930.939, -61.21706, 90.14296, 5.656888, 42, 120, 0, 0), 
(49871, 0, 1, 1, 40147, -8920.517, -36.79734, 92.07429, 4.60087, 42, 120, 0, 0), 
(32520, 0, 1, 1, 21342, -5691.65, 5556.92, -1154.687, 0, 4979, 120, 0, 0), 
(721, 0, 1, 1, 4626, -9038.799, -103.2813, 87.94732, 4.826421, 1, 120, 0, 0), 
(42940, 0, 1, 1, 11686, -9091.698, -324.2135, 73.53646, 0, 42, 120, 0, 0), 
(32520, 0, 1, 1, 21342, -8680.672, 730.7483, 159.0924, 0, 4979, 120, 0, 0), 
(50039, 0, 1, 1, 36691, -8780.918, -125.704, 82.50884, 4.289164, 71, 120, 0, 0), 
(49871, 0, 1, 1, 40147, -8858.859, -98.46875, 81.62031, 4.655084, 42, 120, 0, 0), 
(49871, 0, 1, 1, 40147, -8908.137, -80.0805, 87.28082, 4.555309, 42, 120, 0, 0), 
(68, 0, 1, 1, 5446, -8888.4, 566.25, 93.43253, 2.234021, 116235, 120, 0, 0), 
(44140, 0, 1, 1, 11686, -9193.85, -2777.82, 90.63683, 0, 42, 120, 0, 0), 
(50039, 0, 1, 1, 36690, -8753.366, -128.5182, 83.23379, 1.594229, 71, 120, 0, 0), 
(49874, 0, 1, 1, 36653, -8937.439, -246.7691, 79.06224, 0.02721477, 42, 120, 0, 0), 
(375, 0, 1, 1, 3344, -8853.587, -193.336, 82.11565, 2.548181, 102, 120, 0, 0), 
(42940, 0, 1, 1, 11686, -9041.719, -363.3177, 75.22818, 0, 42, 120, 0, 0), 
(44548, 0, 1, 1, 3019, -8974.19, -152.851, 81.58563, 0, 142, 120, 0, 0), 
(49874, 0, 1, 1, 36655, -8859.493, -68.71528, 85.61824, 4.537856, 42, 120, 0, 0), 
(49874, 0, 1, 1, 36653, -8794.677, -45.37153, 95.19736, 3.892084, 42, 120, 0, 0), 
(4959, 0, 1, 1, 4469, -8981.78, 397.3605, 75.95478, 0.7853982, 328, 120, 0, 0), 
(49874, 0, 1, 1, 36655, -8845.082, -78.06424, 84.71439, 4.34587, 55, 120, 0, 0), 
(2442, 0, 1, 1, 1060, -9154.688, 7.8125, 78.69509, 2.011428, 1, 120, 0, 0), 
(32520, 0, 1, 1, 21342, -7199.389, 2383.023, 0.2182883, 0, 4979, 120, 0, 0), 
(42940, 0, 1, 1, 11686, -9058.354, -362.2969, 73.54209, 0, 42, 120, 0, 0), 
(32520, 0, 1, 1, 21342, -7188.139, 2390.936, 0.2182883, 0, 4979, 120, 0, 0), 
(32520, 0, 1, 1, 21342, -7218.764, 2373.132, 0.2182883, 0, 4979, 120, 0, 0), 
(32520, 0, 1, 1, 21342, -7182.01, 2390.734, 0.2182883, 0, 4979, 120, 0, 0), 
(32520, 0, 1, 1, 21342, -7155.571, 2410.693, 0.2182883, 0, 4979, 120, 0, 0), 
(42940, 0, 1, 1, 11686, -9093.609, -358.816, 73.53577, 0, 42, 120, 0, 0), 
(42937, 0, 1, 1, 33145, -8923.03, -451.7668, 77.70651, 1.68943, 71, 120, 0, 0), 
(32520, 0, 1, 1, 21342, -7135.222, 2421.837, 0.2182883, 0, 4979, 120, 0, 0), 
(32520, 0, 1, 1, 21342, -7208.29, 2375.983, 0.2182883, 0, 4979, 120, 0, 0), 
(32520, 0, 1, 1, 21342, -7163.313, 2402.516, 0.2182883, 0, 4979, 120, 0, 0), 
(49874, 0, 1, 1, 36655, -8840.788, -67.88068, 85.21421, 1.171649, 42, 120, 0, 0), 
(32520, 0, 1, 1, 21342, -7262.632, 2365.733, 0.2182883, 0, 4979, 120, 0, 0), 
(32520, 0, 1, 1, 21342, -7174.474, 2398.345, 0.2182883, 0, 4979, 120, 0, 0), 
(49874, 0, 1, 1, 36654, -8963.38, -60.11216, 92.27877, 3.042997, 42, 120, 0, 0), 
(721, 0, 1, 1, 4626, -8794.132, -289.9008, 77.26017, 0.2167356, 1, 120, 0, 0), 
(49871, 0, 1, 1, 40147, -8832.771, -102.6986, 83.82627, 3.784313, 42, 120, 0, 0), 
(44548, 0, 1, 1, 3019, -8969.78, -146.455, 81.58964, 5.183628, 142, 120, 0, 0), 
(41178, 0, 1, 1, 11686, 3175.531, -4373.844, 189.6369, 0.08726646, 42, 120, 0, 0), 
(49871, 0, 1, 1, 40147, -8990.92, -188.1746, 75.80682, 1.352339, 42, 120, 0, 0), 
(28596, 0, 1, 1, 25520, -8867.933, 512.8542, 156.882, 2.251475, 1110, 120, 0, 0), 
(50039, 0, 1, 1, 36690, -8737.884, -183.4623, 85.98016, 3.463035, 71, 120, 0, 0), 
(50047, 0, 1, 1, 32729, -8792.701, -112.7066, 83.38901, 4.39823, 71, 120, 0, 0), 
(42940, 0, 1, 1, 11686, -9043.545, -318.5955, 75.05448, 0, 42, 120, 0, 0), 
(42940, 0, 1, 1, 11686, -9015.167, -332.1094, 74.96594, 0, 42, 120, 0, 0), 
(32520, 0, 1, 1, 21342, -7326.561, 2345.738, 0.2182883, 0, 4979, 120, 0, 0), 
(32520, 0, 1, 1, 21342, -7157.736, 2406.872, 0.2182883, 0, 4979, 120, 0, 0), 
(32520, 0, 1, 1, 21342, -7176.62, 2393.826, 0.2182883, 0, 4979, 120, 0, 0), 
(32520, 0, 1, 1, 21342, -7172.613, 2396.337, 0.2182883, 0, 4979, 120, 0, 0), 
(32520, 0, 1, 1, 21342, -7305.255, 2337.531, 0.2182883, 0, 4979, 120, 0, 0), 
(42937, 0, 1, 1, 33146, -9092.063, -243.8666, 74.87342, 1.336051, 86, 120, 0, 0), 
(32520, 0, 1, 1, 21342, -7203.332, 2380.043, 0.2182883, 0, 4979, 120, 0, 0), 
(32520, 0, 1, 1, 21342, -7286.641, 2349.813, 0.2182883, 0, 4979, 120, 0, 0), 
(32520, 0, 1, 1, 21342, -7148.408, 2413.837, 0.2182883, 0, 4979, 120, 0, 0), 
(721, 0, 1, 1, 328, -8862.5, -154.166, 80.04581, 5.9709, 1, 120, 0, 0), 
(32520, 0, 1, 1, 21342, -7144.577, 2416.571, 0.2182883, 0, 4979, 120, 0, 0), 
(42940, 0, 1, 1, 11686, -9059.743, -383.8281, 73.87529, 0, 42, 120, 0, 0), 
(44564, 0, 1, 1, 33968, -8849.5, -190.071, 82.02094, 2.86234, 1910, 120, 0, 0), 
(44564, 0, 1, 1, 33969, -8915.18, -179.075, 82.02234, 0.4537856, 1910, 120, 0, 0), 
(44564, 0, 1, 1, 33969, -8858.6, -197.16, 82.00934, 1.151917, 1910, 120, 0, 0), 
(44564, 0, 1, 1, 33970, -8858.69, -178.896, 82.03423, 5.078908, 1910, 120, 0, 0), 
(44564, 0, 1, 1, 33968, -8870, -174.42, 82.03883, 4.328416, 1910, 120, 0, 0), 
(44564, 0, 1, 1, 33970, -8923.11, -170.911, 82.02224, 0.4537856, 1910, 120, 0, 0), 
(50047, 0, 1, 1, 32729, -8775.286, -139.6146, 82.25049, 0, 71, 120, 0, 0), 
(49871, 0, 1, 1, 40147, -8856.433, -121.6728, 80.6357, 2.221373, 42, 120, 0, 0), 
(44564, 0, 1, 1, 33967, -8883.53, -152.307, 82.02244, 3.700098, 1910, 120, 0, 0), 
(44564, 0, 1, 1, 33969, -8913.39, -164.613, 82.02224, 3.682645, 1910, 120, 0, 0), 
(49871, 0, 1, 1, 40147, -8863.692, -110.837, 80.69039, 3.36819, 42, 120, 0, 0), 
(44564, 0, 1, 1, 33968, -8892.78, -155.592, 82.02234, 0.4537856, 1910, 120, 0, 0), 
(49871, 0, 1, 1, 40147, -8894.644, -84.43588, 86.04891, 2.972914, 42, 120, 0, 0), 
(42937, 0, 1, 1, 33145, -8884.989, -358.3837, 73.55505, 0, 71, 120, 0, 0), 
(1976, 0, 1, 1, 3167, -8916.107, 557.319, 94.45625, 0.7358825, 116235, 120, 0, 0), 
(42937, 0, 1, 1, 33142, -9036.26, -330.9752, 73.57673, 2.341902, 71, 120, 0, 0), 
(44548, 0, 1, 1, 3019, -8965.57, -146.288, 81.59364, 4.39823, 142, 120, 0, 0), 
(49874, 0, 1, 1, 36653, -8831.761, -76.1684, 85.89663, 3.839724, 55, 120, 0, 0), 
(49874, 0, 1, 1, 36654, -8869.429, -94.32465, 82.47372, 2.502615, 55, 120, 0, 0), 
(37543, 0, 1, 1, 22769, -8848.592, 632.5434, 111.1554, 0, 3052, 120, 0, 0), 
(37543, 0, 1, 1, 22769, -8845.816, 468.8004, 123.3923, 0, 3052, 120, 0, 0), 
(37543, 0, 1, 1, 22769, -8841.705, 652.6545, 114.5196, 0, 3052, 120, 0, 0), 
(37543, 0, 1, 1, 22769, -8808.009, 654.3195, 114.424, 4.537856, 3052, 120, 0, 0), 
(49874, 0, 1, 1, 36655, -8897.179, -53.33507, 87.45364, 4.625123, 55, 120, 0, 0), 
(911, 0, 1, 1, 3343, -8918.364, -208.4109, 82.30878, 6.056293, 102, 120, 0, 0), 
(1213, 0, 1, 1, 3278, -8898.231, -119.8379, 82.01597, 2.740167, 102, 120, 0, 0), 
(197, 0, 1, 1, 1859, -8913.069, -137.4063, 80.90119, 1.972222, 484, 120, 0, 0), 
(1642, 0, 1, 1, 3257, -8780.766, -148.2737, 81.88521, 3.39084, 265080, 120, 0, 0), 
(925, 0, 1, 1, 3346, -8914.567, -215.0163, 82.29955, 1.204277, 102, 120, 0, 0), 
(915, 0, 1, 1, 3351, -8863.468, -210.9055, 80.75503, 4.415683, 102, 120, 0, 0), 
(721, 0, 1, 1, 4626, -8834.764, -219.1523, 82.87411, 3.998889, 1, 120, 0, 0), 
(44548, 0, 1, 1, 3019, -8969.78, -146.455, 81.58964, 5.183628, 142, 120, 0, 0), 
(42937, 0, 1, 1, 33145, -9105.443, -220.5921, 73.79967, 3.240362, 71, 120, 0, 0), 
(68, 0, 1, 1, 3167, -8895.31, 575.108, 93.05373, 5.410521, 116235, 120, 0, 0), 
(37574, 0, 1, 1, 24719, -8927.38, 607.9219, 108.316, 0, 3052, 120, 0, 0), 
(37574, 0, 1, 1, 24719, -8909.849, 625.0399, 108.3836, 0, 3052, 120, 0, 0), 
(28569, 0, 1, 1, 25519, -8942.861, 574.2153, 124.7455, 0.7679449, 1006, 120, 0, 0), 
(37574, 0, 1, 1, 24719, -8878.41, 654.441, 109.2946, 2.111848, 3052, 120, 0, 0), 
(28569, 0, 1, 1, 25544, -8926.863, 565.3854, 144.0575, 1.850049, 955, 120, 0, 0), 
(28569, 0, 1, 1, 25519, -8890.466, 510.908, 111.061, 1.239184, 955, 120, 0, 0), 
(49871, 0, 1, 1, 40147, -9032.972, -181.5866, 76.15081, 3.829226, 42, 120, 0, 0), 
(50039, 0, 1, 1, 36690, -8787.155, -244.5486, 82.90829, 2.067128, 71, 120, 0, 0), 
(28569, 0, 1, 1, 25519, -8945.764, 577.6337, 115.4397, 0.6283185, 1057, 120, 0, 0), 
(68, 0, 1, 1, 5446, -9012.285, 483.2707, 96.75782, 0.664287, 116235, 120, 0, 0), 
(28596, 0, 1, 1, 25520, -8895.846, 514.5625, 118.3676, 0.6457718, 955, 120, 0, 0), 
(49874, 0, 1, 1, 36655, -8902.766, -41.84497, 87.54833, 5.675663, 42, 120, 0, 0), 
(28596, 0, 1, 1, 25520, -8942.016, 573.3871, 133.6771, 0.6457718, 1057, 120, 0, 0), 
(28596, 0, 1, 1, 25520, -8909.087, 590.8177, 158.6291, 5.131268, 1057, 120, 0, 0), 
(28596, 0, 1, 1, 25520, -8946.359, 579.0243, 133.6439, 0.6457718, 1057, 120, 0, 0), 
(28569, 0, 1, 1, 25519, -8870.986, 510.6754, 156.7271, 1.850049, 1163, 120, 0, 0), 
(49871, 0, 1, 1, 40147, -8820.113, -140.8895, 81.16984, 0.9471088, 42, 120, 0, 0), 
(49871, 0, 1, 1, 40147, -8906.47, -81.97084, 87.02633, 3.663939, 42, 120, 0, 0), 
(49871, 0, 1, 1, 40147, -8864.851, -99.92142, 81.58273, 5.1874, 42, 120, 0, 0), 
(49871, 0, 1, 1, 40147, -8938.315, -263.9783, 76.75145, 2.66379, 42, 120, 0, 0), 
(466, 0, 1, 1, 1688, -8953.951, 521.0189, 96.53986, 3.839724, 829940, 120, 0, 0), 
(50039, 0, 1, 1, 36690, -8759.673, -168.1175, 84.27478, 2.662769, 71, 120, 0, 0), 
(49871, 0, 1, 1, 40147, -9007.726, -154.9268, 82.14745, 3.255052, 42, 120, 0, 0), 
(49874, 0, 1, 1, 36652, -8900.656, -43.30903, 86.97442, 5.676553, 42, 120, 0, 0), 
(42218, 0, 1, 1, 32729, -8964.977, -108.1186, 84.52619, 6.046436, 25200, 120, 0, 0), 
(42218, 0, 1, 1, 32729, -8965.89, -111.9439, 84.07433, 6.053521, 25200, 120, 0, 0), 
(42218, 0, 1, 1, 32729, -8960.791, -112.557, 83.75949, 6.251232, 25200, 120, 0, 0), 
(42218, 0, 1, 1, 32729, -8961.913, -108.5187, 84.24567, 6.251096, 25200, 120, 0, 0), 
(42218, 0, 1, 1, 32729, -8909.29, -132.8021, 80.63889, 2.111848, 25200, 120, 0, 0), 
(42218, 0, 1, 1, 32729, -8919.301, -137.3715, 80.60403, 2.111848, 25200, 120, 0, 0), 
(49874, 0, 1, 1, 36652, -8789.24, -84.35561, 88.25895, 3.428844, 55, 120, 0, 0), 
(49874, 0, 1, 1, 36652, -8790.717, -87.09549, 87.37183, 4.258604, 42, 120, 0, 0), 
(49874, 0, 1, 1, 36654, -9020.026, -183.5287, 76.83739, 2.414376, 55, 120, 0, 0), 
(721, 0, 1, 1, 328, -8715.517, -116.0836, 87.58105, 5.681846, 1, 120, 0, 0), 
(42940, 0, 1, 1, 11686, -9112.354, -341.6545, 73.43684, 0, 42, 120, 0, 0), 
(9296, 0, 1, 1, 8489, -8923.88, -135.8889, 81.11192, 1.745329, 55, 120, 0, 0), 
(42937, 0, 1, 1, 33146, -9110.389, -410.1824, 74.51796, 5.617161, 71, 120, 0, 0), 
(49874, 0, 1, 1, 36654, -8904.489, -40.64662, 88.16119, 5.675663, 55, 120, 0, 0), 
(50039, 0, 1, 1, 36692, -8771.147, -101.9479, 86.9584, 6.045089, 71, 120, 0, 0), 
(42940, 0, 1, 1, 11686, -9047.935, -333.974, 75.4837, 0, 42, 120, 0, 0), 
(49871, 0, 1, 1, 40147, -8886.35, -62.04478, 85.72773, 4.261846, 42, 120, 0, 0), 
(49871, 0, 1, 1, 40147, -8908.137, -80.0805, 87.28082, 4.555309, 42, 120, 0, 0), 
(49871, 0, 1, 1, 40147, -8843.976, -55.96881, 85.96411, 5.622753, 42, 120, 0, 0), 
(42940, 0, 1, 1, 11686, -9080.024, -337.257, 73.53506, 0, 42, 120, 0, 0), 
(49871, 0, 1, 1, 40147, -8816.959, -81.32671, 86.31609, 2.129302, 42, 120, 0, 0), 
(49871, 0, 1, 1, 40147, -8996.663, -181.3837, 77.4369, 2.837775, 42, 120, 0, 0), 
(49874, 0, 1, 1, 36655, -8949.172, -242.2292, 77.7663, 1.58825, 55, 120, 0, 0), 
(49871, 0, 1, 1, 40147, -8990.809, -223.4768, 72.32619, 3.753439, 42, 120, 0, 0), 
(721, 0, 1, 1, 4626, -8678.237, -83.20209, 92.45839, 2.604522, 1, 120, 0, 0), 
(41178, 0, 1, 1, 11686, 2918.316, -3010.901, 180.7847, 0.08726646, 42, 120, 0, 0), 
(42937, 0, 1, 1, 33146, -9073.229, -356.0174, 73.53506, 0, 86, 120, 0, 0), 
(49871, 0, 1, 1, 40147, -8866.312, -95.99541, 82.15739, 0.6149646, 42, 120, 0, 0), 
(49874, 0, 1, 1, 36652, -8831.761, -76.1684, 85.89663, 3.839724, 55, 120, 0, 0), 
(50039, 0, 1, 1, 36691, -8749.724, -85.09197, 92.53681, 1.012611, 71, 120, 0, 0), 
(721, 0, 1, 1, 4626, -8862.539, 14.46738, 94.26883, 1.126377, 1, 120, 0, 0), 
(49871, 0, 1, 1, 40147, -8856.402, -133.1512, 81.40845, 5.009095, 42, 120, 0, 0), 
(49871, 0, 1, 1, 40147, -8912.243, -245.8435, 80.87434, 1.693811, 42, 120, 0, 0), 
(49874, 0, 1, 1, 36655, -8859.493, -68.71528, 85.61824, 4.537856, 55, 120, 0, 0), 
(50039, 0, 1, 1, 36691, -8763.69, -245.1978, 83.17489, 4.318913, 71, 120, 0, 0), 
(50378, 0, 1, 1, 25204, -8809.263, -152.3194, 82.89156, 0, 71, 120, 0, 0), 
(49874, 0, 1, 1, 36653, -8966.63, -181.8872, 81.03742, 0.7330383, 55, 120, 0, 0), 
(11260, 0, 1, 1, 11354, -8856.843, -252.496, 81.16757, 5.916666, 42, 120, 0, 0), 
(11260, 0, 1, 1, 11354, -8838.643, -225.3818, 82.49733, 6.230825, 42, 120, 0, 0), 
(11260, 0, 1, 1, 11354, -8891.631, -275.5312, 80.08193, 5.497787, 42, 120, 0, 0), 
(49871, 0, 1, 1, 40147, -8956.115, -228.1788, 78.36158, 0.1333781, 42, 120, 0, 0), 
(32520, 0, 1, 1, 21342, -6967.941, 2493.597, -0.01231566, 0, 4979, 120, 0, 0), 
(32520, 0, 1, 1, 21342, -6865.792, 2562.302, -0.01225267, 0, 4979, 120, 0, 0), 
(32520, 0, 1, 1, 21342, -7373.118, 2314.969, -0.01226167, 0, 4979, 120, 0, 0), 
(32520, 0, 1, 1, 21342, -7488.368, 2254.41, -0.01226167, 0, 4979, 120, 0, 0), 
(32520, 0, 1, 1, 21342, -7249.769, 2376.906, -0.01226167, 0, 4979, 120, 0, 0), 
(6368, 0, 1, 1, 5585, -9157.045, 13.54733, 78.69509, 1.000906, 1, 120, 0, 0), 
(721, 0, 1, 1, 4626, -8694.154, -298.4445, 87.25249, 2.532239, 1, 120, 0, 0), 
(32520, 0, 1, 1, 21342, -7006.415, 2479.377, -0.01220667, 0, 4979, 120, 0, 0), 
(32520, 0, 1, 1, 21342, -7038.147, 2468.995, -0.01226167, 0, 4979, 120, 0, 0), 
(49874, 0, 1, 1, 36655, -8882.464, -93.14317, 84.2803, 3.324051, 42, 120, 0, 0), 
(49874, 0, 1, 1, 36655, -8790.106, -78.42727, 89.35139, 1.498285, 42, 120, 0, 0), 
(42173, 0, 1, 1, 32703, -6446.698, 6829.101, -1124.952, 1.27409, 37187, 120, 0, 0), 
(49874, 0, 1, 1, 36654, -8911.556, -40.54688, 89.57232, 3.375805, 42, 120, 0, 0), 
(49874, 0, 1, 1, 36653, -8831.599, -123.7286, 80.8023, 1.955497, 42, 120, 0, 0), 
(44548, 0, 1, 1, 3019, -8969.43, -159.394, 81.58563, 1.134464, 142, 120, 0, 0), 
(42938, 0, 1, 1, 33143, -8883.111, -442.0399, 68.14234, 2.408554, 204, 120, 0, 0), 
(49874, 0, 1, 1, 36653, -8781.444, -78.86097, 89.52843, 6.222593, 55, 120, 0, 0), 
(49871, 0, 1, 1, 40147, -8833.254, -66.82861, 86.50306, 5.969026, 42, 120, 0, 0), 
(49871, 0, 1, 1, 40147, -8804.808, -163.3333, 81.8757, 3.385939, 42, 120, 0, 0), 
(49871, 0, 1, 1, 40147, -8814.364, -116.0847, 81.68963, 3.455752, 42, 120, 0, 0), 
(49871, 0, 1, 1, 40147, -8809.524, -149.9288, 83.09399, 4.29351, 42, 120, 0, 0), 
(49871, 0, 1, 1, 40147, -8833.405, -145.8355, 80.86143, 2.840109, 42, 120, 0, 0), 
(49871, 0, 1, 1, 40147, -9012.58, -195.2753, 75.3575, 6.157978, 42, 120, 0, 0), 
(6368, 0, 1, 1, 5586, -9161.841, -2.95172, 79.64567, 3.674359, 1, 120, 0, 0), 
(49871, 0, 1, 1, 40147, -8860.99, -102.4275, 81.22262, 2.330618, 42, 120, 0, 0), 
(42940, 0, 1, 1, 11686, -9080.915, -298.2621, 73.42482, 0, 42, 120, 0, 0), 
(49874, 0, 1, 1, 36654, -8859.493, -68.71528, 85.61824, 4.537856, 42, 120, 0, 0), 
(721, 0, 1, 1, 4626, -9026.263, -89.40224, 87.25776, 3.977003, 1, 120, 0, 0), 
(32520, 0, 1, 1, 21342, -7069.127, 2456.75, -0.01226167, 0, 4979, 120, 0, 0), 
(32520, 0, 1, 1, 21342, -7323.299, 2340.835, -0.01226167, 0, 4979, 120, 0, 0), 
(32520, 0, 1, 1, 21342, -7528.516, 2226.144, -0.01220667, 0, 4979, 120, 0, 0), 
(32520, 0, 1, 1, 21342, -7111.288, 2445.353, -0.01226167, 0, 4979, 120, 0, 0), 
(32520, 0, 1, 1, 21342, -8282.045, 1450.892, 0.3571493, 6.265732, 4979, 120, 0, 0), 
(32520, 0, 1, 1, 21342, -6932.59, 2514.827, -0.01226167, 0, 4979, 120, 0, 0), 
(32520, 0, 1, 1, 21342, -7436.108, 2284.655, -0.01220667, 0, 4979, 120, 0, 0), 
(32520, 0, 1, 1, 21342, -7198.851, 2404.536, -0.01220667, 0, 4979, 120, 0, 0), 
(50047, 0, 1, 1, 32729, -8778.578, -212.4358, 84.86799, 0, 55, 120, 0, 0), 
(32520, 0, 1, 1, 21342, -7155.319, 2425.731, -0.01220667, 0, 4979, 120, 0, 0), 
(32520, 0, 1, 1, 21342, -6904.563, 2550.189, -0.01225267, 0, 4979, 120, 0, 0), 
(49874, 0, 1, 1, 36652, -8845.082, -78.06424, 84.71439, 4.34587, 42, 120, 0, 0), 
(32520, 0, 1, 1, 21342, -7549.146, 2210.674, -0.01231566, 0, 4979, 120, 0, 0), 
(49874, 0, 1, 1, 36652, -8928.682, -68.88137, 89.9775, 3.172913, 55, 120, 0, 0), 
(49871, 0, 1, 1, 40147, -8856.75, -89.51519, 82.56831, 4.20792, 42, 120, 0, 0), 
(44548, 0, 1, 1, 3019, -8962.05, -157.16, 81.58563, 2.548181, 142, 120, 0, 0), 
(42940, 0, 1, 1, 11686, -9069.052, -350.007, 73.53506, 0, 42, 120, 0, 0), 
(37574, 0, 1, 1, 24719, -8816.848, 660.8924, 106.9457, 0, 3052, 120, 0, 0), 
(37574, 0, 1, 1, 24719, -8935.014, 622.8577, 108.3646, 0, 3052, 120, 0, 0), 
(50039, 0, 1, 1, 36692, -8771.147, -101.9479, 86.9584, 1.240155, 71, 120, 0, 0), 
(49871, 0, 1, 1, 40147, -8940.442, -248.9868, 78.53001, 6.14431, 42, 120, 0, 0), 
(14721, 0, 1, 1, 14733, -8927.756, 481.3304, 93.94324, 1.710423, 51792, 120, 0, 0), 
(49871, 0, 1, 1, 40147, -8891.382, -245.9976, 80.80533, 2.526272, 42, 120, 0, 0), 
(49871, 0, 1, 1, 40147, -8819.632, -140.2205, 81.20544, 4.29351, 42, 120, 0, 0), 
(49874, 0, 1, 1, 36655, -8831.761, -76.1684, 85.89663, 3.839724, 42, 120, 0, 0), 
(42940, 0, 1, 1, 11686, -9048.427, -346.8385, 73.54089, 0, 42, 120, 0, 0), 
(49874, 0, 1, 1, 36654, -8859.493, -68.71528, 85.61824, 4.537856, 55, 120, 0, 0), 
(50047, 0, 1, 1, 32729, -8739.458, -175.0295, 85.6218, 2.042035, 55, 120, 0, 0), 
(49871, 0, 1, 1, 40147, -8958.174, -80.70089, 89.07413, 2.75105, 42, 120, 0, 0), 
(49871, 0, 1, 1, 40147, -9089.313, -189.0953, 71.58676, 0.7771111, 42, 120, 0, 0), 
(50039, 0, 1, 1, 36692, -8742.9, -107.0695, 86.9075, 4.411019, 71, 120, 0, 0), 
(1976, 0, 1, 1, 3167, -8952.818, 513.7421, 96.35651, 5.764221, 116235, 120, 0, 0), 
(37543, 0, 1, 1, 22769, -8855.538, 538.3924, 132.2489, 0, 3052, 120, 0, 0), 
(37543, 0, 1, 1, 22769, -8862.435, 489.6927, 123.3707, 0, 3052, 120, 0, 0), 
(50039, 0, 1, 1, 36691, -8722.099, -92.44967, 89.9753, 6.207558, 71, 120, 0, 0), 
(32520, 0, 1, 1, 21342, -7431.354, 2306.233, 0.2182883, 0, 4979, 120, 0, 0), 
(28569, 0, 1, 1, 25519, -8990.656, 398.7813, 73.34176, 5.078908, 1163, 120, 0, 0), 
(68, 0, 1, 1, 3167, -9010.859, 467.152, 96.22446, 0.7001121, 116235, 120, 0, 0), 
(28569, 0, 1, 1, 25519, -8992.361, 396.9948, 73.0777, 5.811946, 1057, 120, 0, 0), 
(2442, 0, 1, 1, 1060, -9159.597, 14.44297, 78.64944, 0.5492733, 1, 120, 0, 0), 
(37490, 0, 1, 1, 11686, -6654.488, 6736.202, -811.036, 0, 6141, 120, 0, 0), 
(32520, 0, 1, 1, 21342, -7375.434, 2326.503, 0.2182883, 0, 4979, 120, 0, 0), 
(32520, 0, 1, 1, 21342, -7138.686, 2418.826, 0.2182883, 0, 4979, 120, 0, 0), 
(49871, 0, 1, 1, 40147, -8816.63, -96.30409, 84.42262, 4.08407, 42, 120, 0, 0), 
(32520, 0, 1, 1, 21342, -7191.5, 2387.116, 0.2182883, 0, 4979, 120, 0, 0), 
(49871, 0, 1, 1, 40147, -8815.871, -50.68674, 90.89047, 5.969026, 42, 120, 0, 0), 
(49871, 0, 1, 1, 40147, -8799.683, -85.70323, 85.93951, 5.8294, 42, 120, 0, 0), 
(49871, 0, 1, 1, 40147, -8794.802, -151.5052, 83.63959, 1.239184, 42, 120, 0, 0), 
(28596, 0, 1, 1, 25520, -8989.924, 396.0677, 73.33508, 2.181662, 955, 120, 0, 0), 
(32520, 0, 1, 1, 21342, -5136.05, 3277.62, -118.3217, 0, 4979, 120, 0, 0), 
(49871, 0, 1, 1, 40147, -8886.392, -84.21202, 85.34827, 3.351032, 42, 120, 0, 0), 
(49874, 0, 1, 1, 36653, -8790.717, -87.09549, 87.37183, 4.258604, 42, 120, 0, 0), 
(883, 0, 1, 1, 347, -9093.178, -41.08203, 86.61015, 4.735822, 1, 120, 0, 0), 
(40728, 0, 1, 1, 33618, -4774.518, 3156.091, -61.88317, 0.387455, 9686250, 120, 0, 0), 
(721, 0, 1, 1, 4626, -8934.491, -214.5205, 80.40144, 5.717956, 1, 120, 0, 0), 
(28596, 0, 1, 1, 25520, -8990.707, 407.783, 73.48922, 1.902409, 1163, 120, 0, 0), 
(44548, 0, 1, 1, 3019, -8969.78, -146.455, 81.58964, 5.183628, 142, 120, 0, 0), 
(44548, 0, 1, 1, 3019, -8962.05, -157.16, 81.58563, 2.548181, 142, 120, 0, 0), 
(50047, 0, 1, 1, 32729, -8752.226, -249.5139, 82.73143, 2.042035, 55, 120, 0, 0), 
(45681, 0, 1, 1, 24301, 2801.49, -5453.105, 160.1273, 3.274055, 27720, 120, 0, 0), 
(28571, 0, 1, 1, 25522, -9020.268, 427.408, 83.34956, 0.6806784, 1919, 120, 0, 0), 
(49874, 0, 1, 1, 36655, -8897.179, -53.33507, 87.45364, 4.625123, 55, 120, 0, 0), 
(49874, 0, 1, 1, 36655, -8845.082, -78.06424, 84.71439, 4.34587, 55, 120, 0, 0), 
(49874, 0, 1, 1, 36655, -8982.546, -206.4875, 74.16147, 4.804199, 55, 120, 0, 0), 
(49874, 0, 1, 1, 36655, -8839.67, -119.2448, 80.52837, 3.403392, 55, 120, 0, 0), 
(50047, 0, 1, 1, 32729, -8736.424, -94.80382, 90.03239, 1.692969, 71, 120, 0, 0), 
(50047, 0, 1, 1, 32729, -8749.991, -221.8941, 88.08002, 2.670354, 71, 120, 0, 0), 
(42937, 0, 1, 1, 33145, -8882.083, -423.3418, 68.51178, 2.049762, 86, 120, 0, 0), 
(49871, 0, 1, 1, 40147, -8888.775, -86.4044, 85.50588, 4.967982, 42, 120, 0, 0), 
(49871, 0, 1, 1, 40147, -8837.183, -144.5826, 81.0618, 4.432594, 42, 120, 0, 0), 
(44548, 0, 1, 1, 3019, -8969.43, -159.394, 81.58563, 1.134464, 142, 120, 0, 0), 
(50039, 0, 1, 1, 36691, -8792.228, -242.8322, 82.65217, 4.014148, 71, 120, 0, 0), 
(42937, 0, 1, 1, 33146, -8995.581, -338.689, 74.32528, 5.070734, 86, 120, 0, 0), 
(49871, 0, 1, 1, 40147, -8869.36, -44.16584, 90.7309, 0.8145126, 42, 120, 0, 0), 
(721, 0, 1, 1, 328, -8750.598, 3.04187, 93.32185, 0.5055811, 1, 120, 0, 0), 
(49871, 0, 1, 1, 40147, -8943.3, -63.46469, 90.57179, 4.256236, 42, 120, 0, 0), 
(49871, 0, 1, 1, 40147, -8819.632, -140.2205, 81.20544, 4.29351, 42, 120, 0, 0), 
(49871, 0, 1, 1, 40147, -8857.112, -106.4675, 80.85909, 3.081098, 42, 120, 0, 0), 
(49871, 0, 1, 1, 40147, -8920.942, -66.42355, 88.79443, 4.555309, 42, 120, 0, 0), 
(49871, 0, 1, 1, 40147, -8861.228, -113.2932, 80.6749, 4.140491, 42, 120, 0, 0), 
(721, 0, 1, 1, 4626, -9018.75, -2.083984, 88.71621, 1.571734, 1, 120, 0, 0), 
(50047, 0, 1, 1, 32729, -8765.79, -92.87153, 89.74709, 4.660029, 71, 120, 0, 0), 
(1642, 0, 1, 1, 3257, -9061.28, -46.79492, 88.90642, 1.570796, 265080, 120, 0, 0), 
(1642, 0, 1, 1, 3257, -9060.47, -39.19445, 88.30692, 4.712389, 265080, 120, 0, 0), 
(1642, 0, 1, 1, 3167, -9034.7, 7.061252, 88.08741, 5.061455, 265080, 120, 0, 0), 
(1642, 0, 1, 1, 3167, -9047.584, -101.2398, 88.30713, 1.989675, 265080, 120, 0, 0), 
(1642, 0, 1, 1, 3167, -9006.875, -78.34467, 86.59687, 4.806832, 265080, 120, 0, 0), 
(1642, 0, 1, 1, 3257, -9049.903, -77.59888, 88.09232, 4.53006, 265080, 120, 0, 0), 
(44548, 0, 1, 1, 3019, -8974.19, -152.851, 81.58563, 0, 142, 120, 0, 0), 
(24110, 0, 1, 1, 11686, -8896.913, -173.5955, 139.2645, 2.286381, 6141, 120, 0, 0), 
(6373, 0, 1, 1, 5087, -8927.616, -201.7872, 80.68236, 2.268928, 143, 120, 0, 0), 
(721, 0, 1, 1, 328, -8782.216, -238.1107, 83.90288, 3.538789, 1, 120, 0, 0), 
(42937, 0, 1, 1, 33146, -9020.46, -312.8897, 74.35817, 5.093359, 71, 120, 0, 0), 
(49874, 0, 1, 1, 36653, -8876.446, -91.87926, 83.61108, 0.1845959, 55, 120, 0, 0), 
(51348, 0, 1, 1, 37311, -8926.683, 608.4713, 170.336, 2.216037, 116235, 120, 0, 0), 
(49871, 0, 1, 1, 40147, -8916.496, -56.91223, 87.0882, 1.407896, 42, 120, 0, 0), 
(50047, 0, 1, 1, 32729, -8734.982, -194.4861, 87.31306, 1.291544, 71, 120, 0, 0), 
(50039, 0, 1, 1, 36690, -8807.878, -251.0108, 82.6702, 1.383509, 71, 120, 0, 0), 
(42937, 0, 1, 1, 33146, -8920.513, -355.8192, 73.39039, 4.226812, 71, 120, 0, 0), 
(42944, 0, 1, 1, 11686, -9004.607, -304.9601, 74.41217, 0, 42, 120, 0, 0), 
(50039, 0, 1, 1, 36692, -8692.427, -72.30022, 90.29091, 3.021484, 71, 120, 0, 0), 
(50039, 0, 1, 1, 36691, -8775.675, -194.9639, 84.59806, 0.9682468, 71, 120, 0, 0), 
(49871, 0, 1, 1, 40147, -8882.385, -50.37885, 86.64436, 5.096361, 42, 120, 0, 0), 
(49874, 0, 1, 1, 36653, -8967.536, -204.8455, 75.43002, 0.8203048, 42, 120, 0, 0), 
(49874, 0, 1, 1, 36652, -8966.63, -181.8872, 81.03742, 0.7330383, 42, 120, 0, 0), 
(49871, 0, 1, 1, 40147, -9012.528, -144.4422, 84.11128, 2.299852, 42, 120, 0, 0), 
(49874, 0, 1, 1, 36655, -8966.63, -181.8872, 81.03742, 0.7330383, 55, 120, 0, 0), 
(32520, 0, 1, 1, 21342, -6305.162, 5582.533, -1172.063, 0, 4979, 120, 0, 0), 
(32520, 0, 1, 1, 21342, -6148.39, 5539.97, -1207.787, 0, 4979, 120, 0, 0), 
(32520, 0, 1, 1, 21342, -5691.65, 5556.92, -1154.687, 0, 4979, 120, 0, 0), 
(32520, 0, 1, 1, 21342, -6014.71, 5479.63, -1208.007, 0, 4979, 120, 0, 0), 
(49871, 0, 1, 1, 40147, -8860.974, -88.32676, 82.41946, 3.298672, 42, 120, 0, 0), 
(49871, 0, 1, 1, 40147, -8856.402, -133.1512, 81.40845, 5.009095, 42, 120, 0, 0), 
(49871, 0, 1, 1, 40147, -8886.392, -84.21202, 85.34827, 3.351032, 42, 120, 0, 0), 
(50039, 0, 1, 1, 36692, -8777.5, -125.9774, 82.95348, 5.804833, 71, 120, 0, 0), 
(50047, 0, 1, 1, 32729, -8810.339, -218.8576, 83.54026, 1.553343, 55, 120, 0, 0), 
(50047, 0, 1, 1, 32729, -8723.71, -161.9722, 85.10502, 2.86234, 71, 120, 0, 0), 
(49871, 0, 1, 1, 40147, -8952.511, -55.43272, 92.06635, 5.699427, 42, 120, 0, 0), 
(42937, 0, 1, 1, 33146, -9030.161, -394.222, 73.8367, 0.6661577, 71, 120, 0, 0), 
(28569, 0, 1, 1, 25519, -8991.439, 410.4965, 73.68467, 5.078908, 1163, 120, 0, 0), 
(28572, 0, 1, 1, 25523, -9018.188, 428.7969, 83.14908, 3.665191, 1919, 120, 0, 0), 
(42173, 0, 1, 1, 32703, -6396.681, 7054.327, -1069.238, 3.071779, 37187, 120, 0, 0), 
(49871, 0, 1, 1, 40147, -9000.257, -133.8507, 84.03107, 4.206244, 42, 120, 0, 0), 
(49871, 0, 1, 1, 40147, -8980.858, -77.33347, 87.3532, 4.978734, 42, 120, 0, 0), 
(28569, 0, 1, 1, 25519, -9016.174, 406.1927, 76.20786, 0.06981317, 1163, 120, 0, 0), 
(28569, 0, 1, 1, 25519, -9014.978, 408.0799, 76.5675, 5.096361, 1006, 120, 0, 0), 
(50039, 0, 1, 1, 36692, -8767.847, -280.007, 77.99332, 1.320328, 71, 120, 0, 0), 
(49874, 0, 1, 1, 36653, -8781.141, -78.87943, 89.51667, 3.081, 55, 120, 0, 0), 
(50039, 0, 1, 1, 36692, -8751.625, -88.61806, 91.85779, 1.539566, 71, 120, 0, 0), 
(28596, 0, 1, 1, 25520, -9012.63, 406.8108, 75.36008, 3.246312, 1163, 120, 0, 0), 
(28596, 0, 1, 1, 25520, -8971.813, 389.5746, 74.51572, 5.462881, 1110, 120, 0, 0), 
(28596, 0, 1, 1, 25520, -9013.832, 404.1754, 74.71452, 1.832596, 1163, 120, 0, 0); 
INSERT INTO `creature` (`id`, `map`, `spawnMask`, `phaseMask`, `modelid`, `position_x`, `position_y`, `position_z`, `orientation`, `curhealth`, `spawntimesecs`, `spawndist`, `MovementType`) VALUES
(49874, 0, 1, 1, 36652, -8900.656, -43.30903, 86.97442, 5.676553, 55, 120, 0, 0), 
(32520, 0, 1, 1, 21342, -8290.094, 1388.641, 30.00427, 0, 4979, 120, 0, 0), 
(42937, 0, 1, 1, 33142, -9081.322, -337.2613, 73.57568, 2.614964, 71, 120, 0, 0), 
(37543, 0, 1, 1, 22769, -8802.857, 604.1893, 110.2173, 3.839724, 3052, 120, 0, 0), 
(37543, 0, 1, 1, 22769, -8838.705, 608.316, 113.7956, 0, 3052, 120, 0, 0), 
(37543, 0, 1, 1, 22769, -8859.069, 660.5643, 113.7165, 5.288348, 3052, 120, 0, 0), 
(49871, 0, 1, 1, 40147, -8985.326, -149.4601, 81.86242, 5.707227, 42, 120, 0, 0), 
(190, 0, 1, 1, 3276, -8897.71, -115.3281, 81.99824, 3.787364, 102, 120, 0, 0), 
(32520, 0, 1, 1, 21342, -4599.307, 3875.44, -3.693974, 3.159046, 4979, 120, 0, 0), 
(32520, 0, 1, 1, 21342, -4657.863, 3872.089, -4.775842, 3.124139, 4979, 120, 0, 0), 
(32520, 0, 1, 1, 21342, -4659.649, 3841.258, -3.712333, 3.159046, 4979, 120, 0, 0), 
(32520, 0, 1, 1, 21342, -4607.887, 3846.321, -4.775842, 3.124139, 4979, 120, 0, 0), 
(32520, 0, 1, 1, 21342, -4621.934, 3811.015, -2.434516, 2.530727, 4979, 120, 0, 0), 
(50039, 0, 1, 1, 36691, -8724.021, -209.511, 89.57921, 3.827953, 71, 120, 0, 0), 
(42851, 0, 1, 1, 32802, -5561.573, 5486.054, -1233.133, 0, 185935, 120, 0, 0), 
(42851, 0, 1, 1, 32802, -5507.115, 5337.032, -1227.3, 0, 185935, 120, 0, 0), 
(68, 0, 1, 1, 5446, -8964.132, 501.6094, 96.67267, 2.199115, 116235, 120, 0, 0), 
(42851, 0, 1, 1, 32802, -5732.877, 5152.973, -1222.141, 0, 185935, 120, 0, 0), 
(42851, 0, 1, 1, 32802, -5616.425, 5177.916, -1226.32, 0, 185935, 120, 0, 0), 
(42851, 0, 1, 1, 32802, -5862.793, 5175.958, -1213.582, 0, 185935, 120, 0, 0), 
(42851, 0, 1, 1, 32802, -5972.122, 5222.906, -1208.386, 0, 185935, 120, 0, 0), 
(42851, 0, 1, 1, 32802, -5717.965, 5538.276, -1237.856, 0, 185935, 120, 0, 0), 
(42851, 0, 1, 1, 32802, -5812.905, 5495.367, -1231.447, 0, 185935, 120, 0, 0), 
(49874, 0, 1, 1, 36655, -8816.063, -106.0747, 83.22488, 4.537856, 55, 120, 0, 0), 
(42851, 0, 1, 1, 32802, -6089.413, 5608.077, -1223.85, 0, 185935, 120, 0, 0), 
(42851, 0, 1, 1, 32802, -6180.118, 5660.041, -1217.356, 0, 185935, 120, 0, 0), 
(42851, 0, 1, 1, 32802, -5966.031, 5563.699, -1218.418, 0, 185935, 120, 0, 0), 
(152, 0, 1, 1, 3277, -8901.59, -112.716, 82.03144, 3.316126, 102, 120, 0, 0), 
(49871, 0, 1, 1, 40147, -9025.606, -158.8721, 80.67307, 5.57156, 42, 120, 0, 0), 
(42851, 0, 1, 1, 32802, -5867.2, 5622.304, -1230.413, 0, 185935, 120, 0, 0), 
(42851, 0, 1, 1, 32802, -6005.035, 5671.134, -1219.748, 0, 185935, 120, 0, 0), 
(42851, 0, 1, 1, 32802, -6043.141, 5439.757, -1219.116, 0, 185935, 120, 0, 0), 
(42851, 0, 1, 1, 32802, -6226.069, 5512.124, -1215.753, 0, 185935, 120, 0, 0), 
(42851, 0, 1, 1, 32802, -6184.12, 5397.069, -1216.32, 0, 185935, 120, 0, 0), 
(42851, 0, 1, 1, 32802, -5559.231, 5246.39, -1228.137, 5.654867, 185935, 120, 0, 0), 
(50047, 0, 1, 1, 32729, -8723.71, -161.9722, 85.10502, 2.86234, 55, 120, 0, 0), 
(37574, 0, 1, 1, 24719, -8859.967, 636.7448, 106.2783, 0, 3052, 120, 0, 0), 
(37574, 0, 1, 1, 24719, -8934.058, 613.882, 108.3617, 0, 3052, 120, 0, 0), 
(37574, 0, 1, 1, 24719, -8820.545, 667.9358, 107.036, 0, 3052, 120, 0, 0), 
(37574, 0, 1, 1, 24719, -8881.955, 641.9809, 107.303, 0, 3052, 120, 0, 0), 
(42937, 0, 1, 1, 33142, -8972.073, -389.8813, 72.54948, 2.208124, 86, 120, 0, 0), 
(37574, 0, 1, 1, 24719, -8804.208, 667.6233, 115.0107, 0, 3052, 120, 0, 0), 
(50039, 0, 1, 1, 36692, -8754.288, -172.1684, 85.21391, 4.363323, 71, 120, 0, 0), 
(42851, 0, 1, 1, 32802, -5863.936, 5310.616, -1222.713, 0, 185935, 120, 0, 0), 
(50039, 0, 1, 1, 36691, -8718.925, -155.9843, 85.44697, 1.6837, 71, 120, 0, 0), 
(42851, 0, 1, 1, 32802, -5982.469, 5345.316, -1218.424, 0, 185935, 120, 0, 0), 
(42851, 0, 1, 1, 32802, -6079.696, 5338.495, -1215.58, 0, 185935, 120, 0, 0), 
(42851, 0, 1, 1, 32802, -6133.175, 5494.254, -1215.137, 0, 185935, 120, 0, 0), 
(37574, 0, 1, 1, 24719, -8800.37, 623.7934, 108.1292, 2.111848, 3052, 120, 0, 0), 
(37490, 0, 1, 1, 11686, -6353.474, 7151.508, -807.5332, 0, 6141, 120, 0, 0), 
(50039, 0, 1, 1, 36690, -8722.069, -153.3531, 85.57326, 1.738912, 71, 120, 0, 0), 
(32520, 0, 1, 1, 21342, -5691.65, 5556.92, -1154.687, 0, 4979, 120, 0, 0), 
(49874, 0, 1, 1, 36654, -8841.066, -35.60417, 88.16332, 3.874631, 55, 120, 0, 0), 
(32520, 0, 1, 1, 21342, -5851.79, 5397.15, -1217.167, 0, 4979, 120, 0, 0), 
(951, 0, 1, 1, 3253, -8816.025, -153.9335, 81.6279, 2.037371, 140, 120, 0, 0), 
(49874, 0, 1, 1, 36653, -8832.588, -121.285, 80.83708, 1.955497, 42, 120, 0, 0), 
(721, 0, 1, 1, 328, -8741.393, -293.4455, 80.68486, 0.005859308, 1, 120, 0, 0), 
(42937, 0, 1, 1, 33144, -8997.246, -359.4525, 74.61996, 1.309481, 71, 120, 0, 0), 
(49871, 0, 1, 1, 40147, -8888.909, -92.60706, 84.45609, 1.015303, 42, 120, 0, 0), 
(44548, 0, 1, 1, 3019, -8965.57, -146.288, 81.59364, 4.39823, 142, 120, 0, 0), 
(196, 0, 1, 1, 3251, -8869.218, -163.2365, 80.97192, 0.9599311, 71, 120, 0, 0), 
(49871, 0, 1, 1, 40147, -8980.816, -53.21864, 91.71046, 3.54932, 42, 120, 0, 0), 
(42940, 0, 1, 1, 11686, -9125.844, -339.1076, 73.81358, 0, 42, 120, 0, 0), 
(49874, 0, 1, 1, 36652, -8929.924, -69.56771, 89.97627, 1.394158, 42, 120, 0, 0), 
(49874, 0, 1, 1, 36652, -8838.52, -78.57327, 85.06049, 3.478224, 55, 120, 0, 0), 
(49874, 0, 1, 1, 36652, -8827.63, -39.14063, 89.54292, 4.29351, 42, 120, 0, 0), 
(721, 0, 1, 1, 4626, -8899.692, -107.9335, 81.94254, 0.8144711, 1, 120, 0, 0), 
(44548, 0, 1, 1, 3019, -8965.3, -159.438, 81.58563, 1.902409, 142, 120, 0, 0), 
(51348, 0, 1, 1, 37311, -8943.367, 562.3679, 187.0367, 3.958726, 116235, 120, 0, 0), 
(721, 0, 1, 1, 4626, -8710.196, -214.4635, 92.68443, 4.340474, 1, 120, 0, 0), 
(51348, 0, 1, 1, 37310, -8957.983, 559.6685, 187.6544, 4.068483, 116235, 120, 0, 0), 
(51348, 0, 1, 1, 37311, -8952.889, 575.2728, 186.9551, 3.956888, 116235, 120, 0, 0), 
(32520, 0, 1, 1, 21342, -4607.62, 3984.2, -70.64417, 0, 4979, 120, 0, 0), 
(32520, 0, 1, 1, 21342, -4614.15, 3980.53, -70.68576, 0, 4979, 120, 0, 0), 
(32520, 0, 1, 1, 21342, -4608.13, 3987.51, -70.37226, 0, 4979, 120, 0, 0), 
(32520, 0, 1, 1, 21342, -4617.3, 3981.36, -70.50646, 0, 4979, 120, 0, 0), 
(32520, 0, 1, 1, 21342, -4616.33, 3983.89, -70.31406, 0, 4979, 120, 0, 0), 
(883, 0, 1, 1, 347, -8774.003, -276.6434, 78.12125, 1.249046, 1, 120, 0, 0), 
(32520, 0, 1, 1, 21342, -4609.82, 3981.23, -70.54346, 0, 4979, 120, 0, 0), 
(50039, 0, 1, 1, 36692, -8711.681, -126.3299, 86.32471, 4.363323, 71, 120, 0, 0), 
(42216, 0, 1, 1, 32728, -8937.58, -136.941, 82.19699, 1.963495, 120, 120, 0, 0), 
(42216, 0, 1, 1, 32728, -8935.776, -135.8767, 82.19699, 2.312558, 102, 120, 0, 0), 
(49871, 0, 1, 1, 40147, -8846.859, -67.69976, 85.0561, 2.942056, 42, 120, 0, 0), 
(823, 0, 1, 1, 2072, -8827.837, -158.6233, 79.94204, 0.122173, 417, 120, 0, 0), 
(49874, 0, 1, 1, 36653, -8831.139, -124.1163, 80.82654, 2.91675, 42, 120, 0, 0), 
(42937, 0, 1, 1, 33145, -9023.17, -363.4913, 75.40582, 0.04793622, 71, 120, 0, 0), 
(42173, 0, 1, 1, 32703, -6230.174, 6798.166, -1075.454, 6.143559, 37187, 120, 0, 0), 
(49871, 0, 1, 1, 40147, -8869.44, -118.7521, 80.923, 2.590364, 42, 120, 0, 0), 
(49874, 0, 1, 1, 36654, -8839.67, -119.2448, 80.52837, 3.403392, 42, 120, 0, 0), 
(50039, 0, 1, 1, 36692, -8745.832, -195.834, 86.1366, 0.7851604, 71, 120, 0, 0), 
(50039, 0, 1, 1, 36691, -8749.551, -202.1458, 86.35956, 0.7679449, 71, 120, 0, 0), 
(50039, 0, 1, 1, 36691, -8753.389, -156.3785, 83.79037, 4.363323, 71, 120, 0, 0), 
(721, 0, 1, 1, 4626, -8786.605, -183.655, 81.69718, 1.887968, 1, 120, 0, 0), 
(40987, 0, 1, 1, 1137, -4954.535, 3543.801, -122.9214, 0.5801437, 268074, 120, 0, 0), 
(952, 0, 1, 1, 3317, -8902.13, -181.6462, 113.2396, 0.8726646, 2769, 120, 0, 0), 
(42940, 0, 1, 1, 11686, -9118.252, -325.9149, 75.78344, 0, 42, 120, 0, 0), 
(49871, 0, 1, 1, 40147, -8846.252, -279.2605, 79.65015, 0.8081043, 42, 120, 0, 0), 
(49871, 0, 1, 1, 40147, -8829.533, -311.33, 75.08784, 4.507373, 42, 120, 0, 0), 
(49874, 0, 1, 1, 36655, -8845.082, -78.06424, 84.71439, 4.34587, 42, 120, 0, 0), 
(49874, 0, 1, 1, 36652, -9020.311, -172.5872, 77.58255, 1.570796, 42, 120, 0, 0), 
(49874, 0, 1, 1, 36654, -8961.425, -60.11206, 92.21606, 6.181377, 42, 120, 0, 0), 
(49871, 0, 1, 1, 40147, -8834.711, -291.3186, 78.78549, 3.190478, 42, 120, 0, 0), 
(49874, 0, 1, 1, 36652, -8982.701, -204.7954, 74.3281, 1.662648, 42, 120, 0, 0), 
(44548, 0, 1, 1, 3019, -8965.3, -159.438, 81.58563, 1.902409, 142, 120, 0, 0), 
(49874, 0, 1, 1, 36653, -8839.67, -119.2448, 80.52837, 3.403392, 55, 120, 0, 0), 
(49871, 0, 1, 1, 40147, -8889.467, -54.4676, 87.01093, 3.012697, 42, 120, 0, 0), 
(42937, 0, 1, 1, 33142, -9100.729, -346.7701, 73.47471, 5.968496, 86, 120, 0, 0), 
(50047, 0, 1, 1, 32729, -8883.909, -133.1371, 80.93878, 2.757456, 71, 120, 0, 0), 
(42937, 0, 1, 1, 33142, -9113.395, -330.2219, 73.25955, 1.728838, 71, 120, 0, 0), 
(49871, 0, 1, 1, 40147, -8945.496, -86.29064, 86.91658, 4.263682, 42, 120, 0, 0), 
(40728, 0, 1, 1, 33618, -6042.729, 3715.554, -260.4893, 1.90102, 9686250, 120, 0, 0), 
(42937, 0, 1, 1, 33145, -9056.469, -309.9132, 73.54523, 2.694685, 71, 120, 0, 0), 
(44548, 0, 1, 1, 3019, -8969.43, -159.394, 81.58563, 1.134464, 142, 120, 0, 0), 
(49871, 0, 1, 1, 40147, -8857.112, -106.4675, 80.85909, 5.986479, 42, 120, 0, 0), 
(721, 0, 1, 1, 4626, -8837.022, -5.569987, 90.33721, 6.185382, 1, 120, 0, 0), 
(49871, 0, 1, 1, 40147, -8852.581, -130.319, 81.4233, 0.6376745, 42, 120, 0, 0), 
(42937, 0, 1, 1, 33144, -9090.568, -355.6668, 73.57568, 3.111663, 71, 120, 0, 0), 
(49871, 0, 1, 1, 40147, -8888.396, -63.74515, 85.79173, 4.075157, 42, 120, 0, 0), 
(49871, 0, 1, 1, 40147, -8970.1, -74.08789, 89.39616, 1.441599, 42, 120, 0, 0), 
(68, 0, 1, 1, 3167, -8984.281, 485.0729, 96.87781, 2.234021, 116235, 120, 0, 0), 
(49874, 0, 1, 1, 36655, -8831.464, -124.0419, 80.79861, 2.91675, 55, 120, 0, 0), 
(49874, 0, 1, 1, 36655, -8790.717, -87.09549, 87.37183, 4.258604, 42, 120, 0, 0), 
(49874, 0, 1, 1, 36655, -8839.67, -119.2448, 80.52837, 3.403392, 42, 120, 0, 0), 
(49874, 0, 1, 1, 36654, -8831.139, -124.1163, 80.82654, 2.91675, 55, 120, 0, 0), 
(42937, 0, 1, 1, 33146, -9028.261, -273.9968, 74.32673, 2.182223, 71, 120, 0, 0), 
(50047, 0, 1, 1, 32729, -8714.526, -112.7083, 88.02392, 3.560472, 55, 120, 0, 0), 
(49874, 0, 1, 1, 36654, -8816.063, -106.0747, 83.22488, 4.537856, 55, 120, 0, 0), 
(68, 0, 1, 1, 3167, -8936.446, 519.0256, 96.53938, 3.612832, 116235, 120, 0, 0), 
(49874, 0, 1, 1, 36655, -8839.67, -119.2448, 80.52837, 3.403392, 55, 120, 0, 0), 
(6368, 0, 1, 1, 5586, -9166.515, 4.701179, 88.77176, 0.6434811, 1, 120, 0, 0), 
(49869, 0, 1, 1, 32729, -8956.293, -82.35539, 88.80637, 2.420134, 55, 120, 0, 0), 
(49869, 0, 1, 1, 32729, -8821.311, -143.44, 81.07517, 1.147735, 55, 120, 0, 0), 
(49869, 0, 1, 1, 32729, -8811.474, -151.2587, 82.68526, 0.296706, 55, 120, 0, 0), 
(40728, 0, 1, 1, 33618, -7332.47, 4545.898, -177.556, 2.771243, 9686250, 120, 0, 0), 
(49869, 0, 1, 1, 32729, -8873.629, -121.0313, 81.35736, 0.4537856, 55, 120, 0, 0), 
(49869, 0, 1, 1, 32729, -8983.654, -148.6777, 81.53384, 3.769911, 55, 120, 0, 0), 
(32520, 0, 1, 1, 21342, -4660.958, 3559.71, -113.9472, 0, 4979, 120, 0, 0), 
(49874, 0, 1, 1, 36652, -8816.063, -106.0747, 83.22488, 4.537856, 55, 120, 0, 0), 
(49874, 0, 1, 1, 36654, -8967.536, -204.8455, 75.43002, 0.8203048, 42, 120, 0, 0), 
(49874, 0, 1, 1, 36653, -8869.429, -94.32465, 82.47372, 2.502615, 55, 120, 0, 0), 
(721, 0, 1, 1, 4626, -8835.303, -249.2783, 82.95296, 5.768127, 1, 120, 0, 0), 
(43359, 0, 1, 1, 11686, 2298.788, 280.1181, 76.27024, 0, 6141, 120, 0, 0), 
(44548, 0, 1, 1, 3019, -8965.57, -146.288, 81.59364, 4.39823, 142, 120, 0, 0), 
(42937, 0, 1, 1, 33142, -9071.477, -318.6722, 73.47158, 1.754546, 71, 120, 0, 0), 
(94, 0, 1, 1, 33163, -9122.757, 44.25374, 81.58784, 1.793979, 102, 120, 0, 0), 
(49874, 0, 1, 1, 36652, -8832.945, -120.403, 80.84963, 1.955804, 42, 120, 0, 0), 
(49874, 0, 1, 1, 36655, -8800.88, -100.8172, 82.9402, 4.084675, 42, 120, 0, 0), 
(42937, 0, 1, 1, 33142, -8940.924, -372.377, 72.33097, 5.386658, 86, 120, 0, 0), 
(49874, 0, 1, 1, 36653, -8967.536, -204.8455, 75.43002, 0.8203048, 55, 120, 0, 0), 
(68, 0, 1, 1, 3167, -8975.576, 515.8958, 96.67261, 5.393067, 116235, 120, 0, 0), 
(49871, 0, 1, 1, 40147, -8845.055, -56.25833, 85.67065, 0.1850028, 42, 120, 0, 0), 
(42940, 0, 1, 1, 11686, -9103.622, -321.0695, 73.37018, 0, 42, 120, 0, 0), 
(49871, 0, 1, 1, 40147, -8794.802, -151.5052, 83.63959, 1.239184, 42, 120, 0, 0), 
(49871, 0, 1, 1, 40147, -8956.415, -54.10761, 92.18849, 3.105042, 42, 120, 0, 0), 
(49871, 0, 1, 1, 40147, -8809.524, -149.9288, 83.09399, 4.29351, 42, 120, 0, 0), 
(49871, 0, 1, 1, 40147, -8833.215, -100.4105, 84.46063, 4.29351, 42, 120, 0, 0), 
(49871, 0, 1, 1, 40147, -8946.877, -88.45839, 86.71281, 5.375449, 42, 120, 0, 0), 
(17804, 0, 1, 1, 17250, -9042.226, 434.2409, 93.37882, 2.234021, 3082, 120, 0, 0), 
(49874, 0, 1, 1, 36654, -8927.667, -68.84959, 89.83771, 3.172913, 55, 120, 0, 0), 
(49874, 0, 1, 1, 36652, -8833.865, -120.033, 80.79875, 2.815138, 55, 120, 0, 0), 
(49874, 0, 1, 1, 36654, -8827.63, -39.14063, 89.54292, 4.29351, 42, 120, 0, 0); 




DELETE FROM `creature_template` WHERE `entry` IN (43278, 197);
INSERT INTO `creature_template` (`entry`, `gossip_menu_id`) VALUES
(43278, 11860), 
(197, 4048); 


DELETE FROM `gossip_menu` WHERE (`entry`=11860 AND `text_id`=16623) OR (`entry`=4048 AND `text_id`=4938);
INSERT INTO `gossip_menu` (`entry`, `text_id`) VALUES
(11860, 16623), 
(4048, 4938); 

DELETE FROM `gossip_menu_option` WHERE (`menu_id`=11860 AND `id`=0);
INSERT INTO `gossip_menu_option` (`menu_id`, `id`, `option_icon`, `option_text`, `box_coded`, `box_money`, `box_text`) VALUES
(11860, 0, 3, 'I require training.', 0, 0, '');